step,epoch,batch,loss
1,1,1,0.53778
2,1,2,0.55081
3,1,3,0.57510
4,1,4,0.57996
5,1,5,0.54786
6,1,6,0.53402
7,1,7,0.52495
8,1,8,0.52664
9,1,9,0.52922
10,1,10,0.52103
11,1,11,0.50618
12,1,12,0.49804
13,1,13,0.49643
14,1,14,0.49661
15,1,15,0.49115
16,1,16,0.47959
17,1,17,0.47608
18,1,18,0.47414
19,1,19,0.47116
20,1,20,0.46843
21,1,21,0.46400
22,1,22,0.46194
23,1,23,0.45645
24,1,24,0.45192
25,1,25,0.44811
26,1,26,0.44472
27,1,27,0.44034
28,1,28,0.43556
29,1,29,0.43040
30,1,30,0.42603
31,1,31,0.42198
32,1,32,0.41680
33,1,33,0.41365
34,1,34,0.40922
35,1,35,0.40361
36,1,36,0.39965
37,1,37,0.39507
38,1,38,0.38935
39,1,39,0.38339
40,1,40,0.37831
41,1,41,0.37268
42,1,42,0.36635
43,1,43,0.36070
44,1,44,0.35540
45,1,45,0.35048
46,1,46,0.34574
47,1,47,0.34072
48,1,48,0.33607
49,1,49,0.33101
50,1,50,0.32608
51,1,51,0.32090
52,1,52,0.31619
53,1,53,0.31140
54,1,54,0.30687
55,1,55,0.30230
56,1,56,0.29785
57,1,57,0.29313
58,1,58,0.28901
59,1,59,0.28480
60,1,60,0.28083
61,1,61,0.27695
62,1,62,0.27320
63,1,63,0.26959
64,1,64,0.26587
65,1,65,0.26239
66,1,66,0.25898
67,1,67,0.25558
68,1,68,0.25239
69,1,69,0.24928
70,1,70,0.24622
71,1,71,0.24316
72,1,72,0.24023
73,1,73,0.23742
74,1,74,0.23468
75,1,75,0.23198
76,1,76,0.22931
77,1,77,0.22674
78,1,78,0.22418
79,1,79,0.22171
80,1,80,0.21930
81,1,81,0.21691
82,1,82,0.21466
83,1,83,0.21242
84,1,84,0.21027
85,1,85,0.20811
86,1,86,0.20603
87,1,87,0.20398
88,1,88,0.20197
89,1,89,0.20000
90,1,90,0.19806
91,1,91,0.19614
92,1,92,0.19424
93,1,93,0.19240
94,1,94,0.19054
95,1,95,0.18880
96,1,96,0.18701
97,1,97,0.18531
98,1,98,0.18368
99,1,99,0.18201
100,1,100,0.18041
101,1,101,0.17879
102,1,102,0.17722
103,1,103,0.17569
104,1,104,0.17424
105,1,105,0.17270
106,1,106,0.17119
107,1,107,0.16978
108,1,108,0.16835
109,1,109,0.16702
110,1,110,0.16559
111,1,111,0.16429
112,1,112,0.16296
113,1,113,0.16164
114,1,114,0.16030
115,1,115,0.15912
116,1,116,0.15789
117,1,117,0.15674
118,1,118,0.15548
119,1,119,0.15429
120,1,120,0.15312
121,1,121,0.15200
122,1,122,0.15087
123,1,123,0.14971
124,1,124,0.14858
125,1,125,0.14747
126,1,126,0.14638
127,1,127,0.14530
128,1,128,0.14422
129,1,129,0.14321
130,1,130,0.14217
131,1,131,0.14117
132,1,132,0.14019
133,1,133,0.13921
134,1,134,0.13823
135,1,135,0.13730
136,1,136,0.13634
137,1,137,0.13541
138,1,138,0.13448
139,1,139,0.13355
140,1,140,0.13265
141,1,141,0.13174
142,1,142,0.13087
143,1,143,0.13082
144,2,1,0.00674
145,2,2,0.00711
146,2,3,0.00702
147,2,4,0.00729
148,2,5,0.00699
149,2,6,0.00689
150,2,7,0.00685
151,2,8,0.00684
152,2,9,0.00664
153,2,10,0.00646
154,2,11,0.00638
1,1,1,0.31265
155,2,12,0.00638
2,1,2,0.25823
156,2,13,0.00623
3,1,3,0.25350
157,2,14,0.00618
4,1,4,0.23882
158,2,15,0.00608
5,1,5,0.22979
159,2,16,0.00612
6,1,6,0.21703
160,2,17,0.00620
7,1,7,0.20969
161,2,18,0.00612
162,2,19,0.00611
8,1,8,0.20268
163,2,20,0.00597
9,1,9,0.19771
10,1,10,0.19150
164,2,21,0.00589
165,2,22,0.00595
166,2,23,0.00580
167,2,24,0.00583
13,1,13,0.17442
168,2,25,0.00580
14,1,14,0.16952
169,2,26,0.00568
15,1,15,0.16294
170,2,27,0.00564
16,1,16,0.15669
171,2,28,0.00568
17,1,17,0.15119
172,2,29,0.00558
18,1,18,0.14785
173,2,30,0.00554
19,1,19,0.14304
174,2,31,0.00548
20,1,20,0.13839
175,2,32,0.00535
21,1,21,0.13396
176,2,33,0.00526
22,1,22,0.12933
177,2,34,0.00520
23,1,23,0.12514
178,2,35,0.00512
24,1,24,0.12108
179,2,36,0.00502
25,1,25,0.11721
180,2,37,0.00498
26,1,26,0.11337
181,2,38,0.00500
27,1,27,0.10970
182,2,39,0.00495
28,1,28,0.10646
183,2,40,0.00486
29,1,29,0.10343
184,2,41,0.00481
30,1,30,0.10055
185,2,42,0.00473
31,1,31,0.09768
186,2,43,0.00468
32,1,32,0.09507
187,2,44,0.00467
34,1,34,0.09046
188,2,45,0.00462
189,2,46,0.00459
35,1,35,0.08838
36,1,36,0.08645

37,1,37,0.08439
191,2,48,0.00450
38,1,38,0.08255
192,2,49,0.00448
193,2,50,0.00446
40,1,40,0.07920

41,1,41,0.07772

42,1,42,0.07630
196,2,53,0.00440
197,2,54,0.00436
43,1,43,0.07485
198,2,55,0.00431
44,1,44,0.07355
199,2,56,0.00428
45,1,45,0.07226
46,1,46,0.07097
200,2,57,0.00424
201,2,58,0.00420
47,1,47,0.06972
202,2,59,0.00415
48,1,48,0.06858
203,2,60,0.00411
49,1,49,0.06743
204,2,61,0.00408
50,1,50,0.06638
51,1,51,0.06530
205,2,62,0.00403
52,1,52,0.06425
206,2,63,0.00400
207,2,64,0.00397
54,1,54,0.06231
208,2,65,0.00394
55,1,55,0.06141
209,2,66,0.00392
56,1,56,0.06053
210,2,67,0.00388
57,1,57,0.05979
211,2,68,0.00387
58,1,58,0.05894
212,2,69,0.00385
59,1,59,0.05808
213,2,70,0.00382
60,1,60,0.05726
214,2,71,0.00379
61,1,61,0.05653
215,2,72,0.00377
62,1,62,0.05578
216,2,73,0.00374
217,2,74,0.00372
218,2,75,0.00369
64,1,64,0.05437
219,2,76,0.00368
65,1,65,0.05366
66,1,66,0.05298
220,2,77,0.00365
67,1,67,0.05233
221,2,78,0.00363
68,1,68,0.05173
222,2,79,0.00361
69,1,69,0.05108
223,2,80,0.00359
70,1,70,0.05052
224,2,81,0.00356
71,1,71,0.04993
225,2,82,0.00354
72,1,72,0.04938
226,2,83,0.00352
73,1,73,0.04879
227,2,84,0.00350
74,1,74,0.04824
228,2,85,0.00348
75,1,75,0.04772
229,2,86,0.00347
76,1,76,0.04719
230,2,87,0.00344
77,1,77,0.04668
231,2,88,0.00343
78,1,78,0.04619
232,2,89,0.00340
79,1,79,0.04568
233,2,90,0.00338
80,1,80,0.04518
234,2,91,0.00336
81,1,81,0.04469
235,2,92,0.00334
82,1,82,0.04424
236,2,93,0.00333
83,1,83,0.04380
237,2,94,0.00333
84,1,84,0.04334
238,2,95,0.00331
85,1,85,0.04290
239,2,96,0.00330
86,1,86,0.04246
240,2,97,0.00329
87,1,87,0.04204
241,2,98,0.00328
88,1,88,0.04161
242,2,99,0.00326
89,1,89,0.04120
243,2,100,0.00324
90,1,90,0.04081
244,2,101,0.00323
91,1,91,0.04043
245,2,102,0.00322
92,1,92,0.04003
246,2,103,0.00322
93,1,93,0.03966
247,2,104,0.00322
94,1,94,0.03929
248,2,105,0.00320
95,1,95,0.03891
249,2,106,0.00319
96,1,96,0.03855
250,2,107,0.00318
97,1,97,0.03818
251,2,108,0.00316
98,1,98,0.03782
252,2,109,0.00314
99,1,99,0.03748
253,2,110,0.00313
100,1,100,0.03714
254,2,111,0.00312
101,1,101,0.03681
255,2,112,0.00312
102,1,102,0.03649
256,2,113,0.00311
103,1,103,0.03615
257,2,114,0.00311
104,1,104,0.03583
258,2,115,0.00309
105,1,105,0.03554
259,2,116,0.00308
106,1,106,0.03525
260,2,117,0.00306
107,1,107,0.03494
261,2,118,0.00304
108,1,108,0.03465
262,2,119,0.00303
109,1,109,0.03436
263,2,120,0.00302
110,1,110,0.03408
264,2,121,0.00300
111,1,111,0.03381
265,2,122,0.00300
112,1,112,0.03353
266,2,123,0.00300
113,1,113,0.03327
267,2,124,0.00298
114,1,114,0.03300
115,1,115,0.03275
268,2,125,0.00298
269,2,126,0.00297
116,1,116,0.03249
270,2,127,0.00296
117,1,117,0.03223
271,2,128,0.00295
118,1,118,0.03198
272,2,129,0.00294
119,1,119,0.03172
273,2,130,0.00293
120,1,120,0.03147
274,2,131,0.00293
121,1,121,0.03124
275,2,132,0.00292
122,1,122,0.03101
276,2,133,0.00292
123,1,123,0.03077
277,2,134,0.00291
124,1,124,0.03053
278,2,135,0.00289
125,1,125,0.03030
279,2,136,0.00289
126,1,126,0.03008
280,2,137,0.00289
127,1,127,0.02985
281,2,138,0.00288
128,1,128,0.02963
282,2,139,0.00287
129,1,129,0.02941
130,1,130,0.02920
283,2,140,0.00286
131,1,131,0.02899
284,2,141,0.00285
132,1,132,0.02878
285,2,142,0.00284
286,2,143,0.00284
133,1,133,0.02857
134,1,134,0.02836
135,1,135,0.02816
136,1,136,0.02796
137,1,137,0.02777
138,1,138,0.02757
287,3,1,0.00115
139,1,139,0.02738
288,3,2,0.00179
140,1,140,0.02719
289,3,3,0.00164
141,1,141,0.02700
290,3,4,0.00162
142,1,142,0.02682
143,1,143,0.02681
292,3,6,0.00138
293,3,7,0.00136
294,3,8,0.00135
295,3,9,0.00134
296,3,10,0.00129
297,3,11,0.00129
144,2,1,0.00044
298,3,12,0.00127
145,2,2,0.00083
299,3,13,0.00133
146,2,3,0.00078
300,3,14,0.00130
147,2,4,0.00076
301,3,15,0.00131
148,2,5,0.00086
302,3,16,0.00133
149,2,6,0.00080
303,3,17,0.00135
150,2,7,0.00089
304,3,18,0.00139
151,2,8,0.00088
305,3,19,0.00141
152,2,9,0.00092
306,3,20,0.00146
153,2,10,0.00094
307,3,21,0.00148
154,2,11,0.00093
308,3,22,0.00148
155,2,12,0.00093
309,3,23,0.00152
156,2,13,0.00087
310,3,24,0.00153
157,2,14,0.00087
311,3,25,0.00153
158,2,15,0.00091
312,3,26,0.00153
313,3,27,0.00153
159,2,16,0.00089
314,3,28,0.00152
160,2,17,0.00087
315,3,29,0.00154
161,2,18,0.00085
316,3,30,0.00156
162,2,19,0.00084
317,3,31,0.00155
163,2,20,0.00083
164,2,21,0.00081
318,3,32,0.00155
165,2,22,0.00079
319,3,33,0.00154
320,3,34,0.00155
321,3,35,0.00153
167,2,24,0.00079
322,3,36,0.00152
168,2,25,0.00080
323,3,37,0.00151
169,2,26,0.00081
170,2,27,0.00080
324,3,38,0.00152
171,2,28,0.00081
325,3,39,0.00151
172,2,29,0.00081
326,3,40,0.00151
173,2,30,0.00080
327,3,41,0.00150
174,2,31,0.00080
328,3,42,0.00149
175,2,32,0.00080
329,3,43,0.00150
176,2,33,0.00082
330,3,44,0.00151
177,2,34,0.00081
331,3,45,0.00150
178,2,35,0.00080
332,3,46,0.00149
179,2,36,0.00082
333,3,47,0.00148
180,2,37,0.00081
334,3,48,0.00147
181,2,38,0.00081
335,3,49,0.00148
182,2,39,0.00081
336,3,50,0.00149
183,2,40,0.00080
337,3,51,0.00149
184,2,41,0.00079
338,3,52,0.00150
185,2,42,0.00079
339,3,53,0.00150
186,2,43,0.00078
340,3,54,0.00151
187,2,44,0.00078
341,3,55,0.00151
188,2,45,0.00077
342,3,56,0.00152
189,2,46,0.00076
343,3,57,0.00152
190,2,47,0.00077
344,3,58,0.00151
191,2,48,0.00076
345,3,59,0.00151
192,2,49,0.00077
346,3,60,0.00150
193,2,50,0.00077
347,3,61,0.00150
194,2,51,0.00077
348,3,62,0.00150
195,2,52,0.00076
349,3,63,0.00150
196,2,53,0.00075
350,3,64,0.00151
197,2,54,0.00074
351,3,65,0.00151
198,2,55,0.00074
352,3,66,0.00150
199,2,56,0.00073
353,3,67,0.00153
200,2,57,0.00072
354,3,68,0.00153
201,2,58,0.00072
355,3,69,0.00153
202,2,59,0.00072
356,3,70,0.00153
203,2,60,0.00071
357,3,71,0.00152
204,2,61,0.00071
358,3,72,0.00153
205,2,62,0.00070
359,3,73,0.00153
206,2,63,0.00070
360,3,74,0.00153
207,2,64,0.00070
361,3,75,0.00153
208,2,65,0.00070
362,3,76,0.00152
209,2,66,0.00069
363,3,77,0.00152
210,2,67,0.00069
211,2,68,0.00070
365,3,79,0.00152
212,2,69,0.00070
366,3,80,0.00153
213,2,70,0.00070
367,3,81,0.00153
214,2,71,0.00070
368,3,82,0.00152
215,2,72,0.00071
369,3,83,0.00153
216,2,73,0.00070
370,3,84,0.00152
217,2,74,0.00070
371,3,85,0.00152
218,2,75,0.00070
372,3,86,0.00152
219,2,76,0.00070
373,3,87,0.00152
220,2,77,0.00069
374,3,88,0.00152
221,2,78,0.00070
375,3,89,0.00153
222,2,79,0.00070
376,3,90,0.00152
223,2,80,0.00070
377,3,91,0.00152
224,2,81,0.00069
378,3,92,0.00153
225,2,82,0.00070
379,3,93,0.00153
226,2,83,0.00070
380,3,94,0.00154
227,2,84,0.00070
381,3,95,0.00153
228,2,85,0.00070
382,3,96,0.00154
229,2,86,0.00069
383,3,97,0.00154
230,2,87,0.00070
384,3,98,0.00154
231,2,88,0.00070
385,3,99,0.00154
232,2,89,0.00070
386,3,100,0.00155
233,2,90,0.00070
387,3,101,0.00154
234,2,91,0.00070
388,3,102,0.00155
235,2,92,0.00069
389,3,103,0.00154
236,2,93,0.00069
390,3,104,0.00154
237,2,94,0.00069
391,3,105,0.00154
238,2,95,0.00069
392,3,106,0.00154
239,2,96,0.00068
393,3,107,0.00153
240,2,97,0.00068
394,3,108,0.00153
241,2,98,0.00068
395,3,109,0.00153
242,2,99,0.00068
396,3,110,0.00153
243,2,100,0.00069
397,3,111,0.00153
244,2,101,0.00068
398,3,112,0.00152
245,2,102,0.00068
399,3,113,0.00152
246,2,103,0.00067
400,3,114,0.00151
247,2,104,0.00067
401,3,115,0.00151
248,2,105,0.00067
402,3,116,0.00151
249,2,106,0.00067
403,3,117,0.00150
250,2,107,0.00067
404,3,118,0.00151
251,2,108,0.00066
405,3,119,0.00151
252,2,109,0.00066
406,3,120,0.00151
253,2,110,0.00066
407,3,121,0.00151
254,2,111,0.00066
408,3,122,0.00150
255,2,112,0.00066
409,3,123,0.00150
256,2,113,0.00065
410,3,124,0.00150
257,2,114,0.00065
411,3,125,0.00150
258,2,115,0.00065
412,3,126,0.00150
259,2,116,0.00064
413,3,127,0.00150
260,2,117,0.00064
414,3,128,0.00149
261,2,118,0.00064
415,3,129,0.00149
262,2,119,0.00064
416,3,130,0.00148
263,2,120,0.00064
417,3,131,0.00149
264,2,121,0.00064
418,3,132,0.00149
265,2,122,0.00064
419,3,133,0.00149
266,2,123,0.00063
420,3,134,0.00149
267,2,124,0.00063
421,3,135,0.00149
268,2,125,0.00063
422,3,136,0.00149
269,2,126,0.00063
423,3,137,0.00148
270,2,127,0.00063
424,3,138,0.00148
271,2,128,0.00062
425,3,139,0.00148
272,2,129,0.00063
426,3,140,0.00148
273,2,130,0.00063
427,3,141,0.00148
274,2,131,0.00063
428,3,142,0.00148
429,3,143,0.00148
275,2,132,0.00062
276,2,133,0.00062
277,2,134,0.00062
278,2,135,0.00062
279,2,136,0.00062
280,2,137,0.00062
430,4,1,0.00078
281,2,138,0.00061
431,4,2,0.00074
282,2,139,0.00062
432,4,3,0.00090
283,2,140,0.00061
433,4,4,0.00087
284,2,141,0.00061
434,4,5,0.00080
285,2,142,0.00061
435,4,6,0.00095
286,2,143,0.00061
436,4,7,0.00116
437,4,8,0.00115
438,4,9,0.00114
439,4,10,0.00115
440,4,11,0.00117
441,4,12,0.00118
287,3,1,0.00040
442,4,13,0.00116
288,3,2,0.00032
443,4,14,0.00116
289,3,3,0.00045
444,4,15,0.00119
290,3,4,0.00040
445,4,16,0.00123
291,3,5,0.00043
446,4,17,0.00127
292,3,6,0.00041
447,4,18,0.00128
293,3,7,0.00045
448,4,19,0.00134
294,3,8,0.00043
449,4,20,0.00133
295,3,9,0.00045
450,4,21,0.00135
296,3,10,0.00050
451,4,22,0.00132
297,3,11,0.00048
452,4,23,0.00128
298,3,12,0.00051
453,4,24,0.00129
299,3,13,0.00053
454,4,25,0.00128
300,3,14,0.00054
455,4,26,0.00126
301,3,15,0.00052
456,4,27,0.00127
302,3,16,0.00052
457,4,28,0.00126
303,3,17,0.00052
458,4,29,0.00124
304,3,18,0.00050
459,4,30,0.00129
305,3,19,0.00049
460,4,31,0.00128
306,3,20,0.00049
307,3,21,0.00049
308,3,22,0.00048
463,4,34,0.00127
309,3,23,0.00047
464,4,35,0.00127
310,3,24,0.00046
465,4,36,0.00128
312,3,26,0.00047
467,4,38,0.00130
468,4,39,0.00130
314,3,28,0.00046
469,4,40,0.00130
315,3,29,0.00046
470,4,41,0.00131
316,3,30,0.00045
317,3,31,0.00044
472,4,43,0.00131
318,3,32,0.00044
473,4,44,0.00130
319,3,33,0.00046
474,4,45,0.00129
320,3,34,0.00046
321,3,35,0.00045
475,4,46,0.00128
322,3,36,0.00044
476,4,47,0.00128
323,3,37,0.00044
477,4,48,0.00127
324,3,38,0.00045
478,4,49,0.00127
325,3,39,0.00045
479,4,50,0.00127
326,3,40,0.00045
480,4,51,0.00127
327,3,41,0.00044
481,4,52,0.00126
328,3,42,0.00043
482,4,53,0.00125
329,3,43,0.00043
483,4,54,0.00125
330,3,44,0.00042
484,4,55,0.00125
331,3,45,0.00043
485,4,56,0.00125
332,3,46,0.00043
486,4,57,0.00125
333,3,47,0.00043
487,4,58,0.00126
334,3,48,0.00045
488,4,59,0.00125
335,3,49,0.00045
489,4,60,0.00125
336,3,50,0.00045
490,4,61,0.00124
337,3,51,0.00045
491,4,62,0.00125
338,3,52,0.00047
492,4,63,0.00126
339,3,53,0.00047
493,4,64,0.00126
340,3,54,0.00047
494,4,65,0.00126
495,4,66,0.00126
341,3,55,0.00047
342,3,56,0.00048
496,4,67,0.00125
343,3,57,0.00048
497,4,68,0.00125
344,3,58,0.00048
498,4,69,0.00125
345,3,59,0.00048
499,4,70,0.00124
346,3,60,0.00048
500,4,71,0.00124
347,3,61,0.00048
501,4,72,0.00123
348,3,62,0.00048
502,4,73,0.00124
349,3,63,0.00048
503,4,74,0.00124
350,3,64,0.00047
504,4,75,0.00124
351,3,65,0.00047
505,4,76,0.00124
352,3,66,0.00047
506,4,77,0.00124
353,3,67,0.00049
507,4,78,0.00124
508,4,79,0.00123
354,3,68,0.00048
509,4,80,0.00124
355,3,69,0.00048
356,3,70,0.00048
510,4,81,0.00124
357,3,71,0.00048
511,4,82,0.00123
358,3,72,0.00048
512,4,83,0.00124
359,3,73,0.00048
513,4,84,0.00125
360,3,74,0.00048
514,4,85,0.00126
361,3,75,0.00048
515,4,86,0.00125
362,3,76,0.00048
516,4,87,0.00125
363,3,77,0.00049
517,4,88,0.00124
364,3,78,0.00049
518,4,89,0.00124
365,3,79,0.00050
519,4,90,0.00124
366,3,80,0.00049
520,4,91,0.00123
521,4,92,0.00123
367,3,81,0.00049
522,4,93,0.00123
368,3,82,0.00049
523,4,94,0.00123
369,3,83,0.00049
370,3,84,0.00049
524,4,95,0.00123
371,3,85,0.00049
525,4,96,0.00122
372,3,86,0.00049
526,4,97,0.00122
373,3,87,0.00048
527,4,98,0.00122
374,3,88,0.00048
528,4,99,0.00122
529,4,100,0.00122
375,3,89,0.00048
530,4,101,0.00123
531,4,102,0.00123
377,3,91,0.00048
532,4,103,0.00122
378,3,92,0.00048
533,4,104,0.00122
534,4,105,0.00121
380,3,94,0.00048
535,4,106,0.00121
381,3,95,0.00048
536,4,107,0.00121
382,3,96,0.00047
537,4,108,0.00122
383,3,97,0.00047
538,4,109,0.00121
384,3,98,0.00048
385,3,99,0.00047
539,4,110,0.00122
386,3,100,0.00047
540,4,111,0.00122
387,3,101,0.00047
541,4,112,0.00121
388,3,102,0.00047
542,4,113,0.00122
389,3,103,0.00047
543,4,114,0.00122
390,3,104,0.00047
544,4,115,0.00123
545,4,116,0.00123
391,3,105,0.00047
392,3,106,0.00047
546,4,117,0.00123
547,4,118,0.00124
393,3,107,0.00047
548,4,119,0.00123
394,3,108,0.00047
549,4,120,0.00123
395,3,109,0.00047
396,3,110,0.00046
550,4,121,0.00123
397,3,111,0.00046
551,4,122,0.00123
552,4,123,0.00122
399,3,113,0.00046
553,4,124,0.00122
400,3,114,0.00046
554,4,125,0.00122
555,4,126,0.00122
401,3,115,0.00046
402,3,116,0.00046
556,4,127,0.00122
557,4,128,0.00121
403,3,117,0.00047
558,4,129,0.00122
404,3,118,0.00046
559,4,130,0.00121
405,3,119,0.00046
560,4,131,0.00121
406,3,120,0.00046
561,4,132,0.00121
407,3,121,0.00046
408,3,122,0.00046
562,4,133,0.00121
563,4,134,0.00121
409,3,123,0.00046
564,4,135,0.00121
410,3,124,0.00045
565,4,136,0.00121
411,3,125,0.00045
566,4,137,0.00120
412,3,126,0.00045
567,4,138,0.00120
413,3,127,0.00045
568,4,139,0.00120
414,3,128,0.00046
569,4,140,0.00120
415,3,129,0.00046
570,4,141,0.00119
416,3,130,0.00046
571,4,142,0.00120
417,3,131,0.00047
572,4,143,0.00120
418,3,132,0.00047
419,3,133,0.00047
420,3,134,0.00047
421,3,135,0.00047
422,3,136,0.00046
423,3,137,0.00046
573,5,1,0.00081
424,3,138,0.00046
574,5,2,0.00108
425,3,139,0.00046
575,5,3,0.00120
426,3,140,0.00046
576,5,4,0.00103
427,3,141,0.00046
577,5,5,0.00132
428,3,142,0.00046
578,5,6,0.00122
429,3,143,0.00046
579,5,7,0.00111
580,5,8,0.00120
581,5,9,0.00121
582,5,10,0.00117
583,5,11,0.00113
584,5,12,0.00115
430,4,1,0.00045
585,5,13,0.00111
431,4,2,0.00059
586,5,14,0.00110
432,4,3,0.00066
587,5,15,0.00115
433,4,4,0.00072
588,5,16,0.00115
434,4,5,0.00062
589,5,17,0.00116
435,4,6,0.00054
590,5,18,0.00118
436,4,7,0.00051
591,5,19,0.00114
437,4,8,0.00053
592,5,20,0.00113
439,4,10,0.00050
593,5,21,0.00113
594,5,22,0.00111
440,4,11,0.00047
595,5,23,0.00110
441,4,12,0.00050
596,5,24,0.00110
442,4,13,0.00047
597,5,25,0.00111
443,4,14,0.00047
598,5,26,0.00110
444,4,15,0.00046
599,5,27,0.00109
445,4,16,0.00048
600,5,28,0.00108
446,4,17,0.00047
601,5,29,0.00108
447,4,18,0.00045
602,5,30,0.00106
448,4,19,0.00045
603,5,31,0.00106
449,4,20,0.00044
604,5,32,0.00106
450,4,21,0.00044
605,5,33,0.00105
451,4,22,0.00044
606,5,34,0.00106
452,4,23,0.00043
607,5,35,0.00106
453,4,24,0.00044
608,5,36,0.00106
454,4,25,0.00043
609,5,37,0.00107
455,4,26,0.00043
610,5,38,0.00108
456,4,27,0.00043
611,5,39,0.00107
457,4,28,0.00043
612,5,40,0.00107
458,4,29,0.00046
613,5,41,0.00109
459,4,30,0.00046
614,5,42,0.00111
460,4,31,0.00046
615,5,43,0.00113
461,4,32,0.00047
616,5,44,0.00113
462,4,33,0.00045
617,5,45,0.00114
463,4,34,0.00046
618,5,46,0.00114
464,4,35,0.00045
619,5,47,0.00113
465,4,36,0.00045
620,5,48,0.00113
466,4,37,0.00044
621,5,49,0.00112
467,4,38,0.00044
622,5,50,0.00112
468,4,39,0.00044
623,5,51,0.00111
469,4,40,0.00045
624,5,52,0.00110
470,4,41,0.00045
625,5,53,0.00109
471,4,42,0.00046
626,5,54,0.00110
472,4,43,0.00047
627,5,55,0.00109
473,4,44,0.00046
628,5,56,0.00108
474,4,45,0.00046
629,5,57,0.00108
475,4,46,0.00046
630,5,58,0.00108
476,4,47,0.00046
631,5,59,0.00108
477,4,48,0.00046
632,5,60,0.00108
478,4,49,0.00046
633,5,61,0.00108
479,4,50,0.00046
634,5,62,0.00108
480,4,51,0.00045
635,5,63,0.00107
481,4,52,0.00046
636,5,64,0.00108
482,4,53,0.00046
637,5,65,0.00108
483,4,54,0.00046
638,5,66,0.00107
484,4,55,0.00045
639,5,67,0.00108
485,4,56,0.00045
640,5,68,0.00109
486,4,57,0.00045
641,5,69,0.00109
487,4,58,0.00045
642,5,70,0.00109
488,4,59,0.00044
643,5,71,0.00109
489,4,60,0.00045
644,5,72,0.00109
490,4,61,0.00045
645,5,73,0.00109
491,4,62,0.00044
646,5,74,0.00109
492,4,63,0.00045
647,5,75,0.00109
493,4,64,0.00045
648,5,76,0.00110
494,4,65,0.00045
649,5,77,0.00109
495,4,66,0.00045
650,5,78,0.00109
496,4,67,0.00045
651,5,79,0.00109
497,4,68,0.00045
652,5,80,0.00108
498,4,69,0.00045
653,5,81,0.00109
499,4,70,0.00045
654,5,82,0.00110
500,4,71,0.00045
655,5,83,0.00110
501,4,72,0.00044
656,5,84,0.00110
502,4,73,0.00044
657,5,85,0.00110
658,5,86,0.00110
503,4,74,0.00044
659,5,87,0.00109
504,4,75,0.00044
660,5,88,0.00109
505,4,76,0.00044
661,5,89,0.00110
506,4,77,0.00043
662,5,90,0.00110
507,4,78,0.00044
663,5,91,0.00110
508,4,79,0.00044
664,5,92,0.00110
509,4,80,0.00044
665,5,93,0.00110
510,4,81,0.00045
666,5,94,0.00110
511,4,82,0.00045
667,5,95,0.00109
512,4,83,0.00045
668,5,96,0.00109
513,4,84,0.00045
669,5,97,0.00109
514,4,85,0.00045
670,5,98,0.00108
515,4,86,0.00045
671,5,99,0.00109
516,4,87,0.00045
672,5,100,0.00108
517,4,88,0.00045
673,5,101,0.00109
518,4,89,0.00045
674,5,102,0.00109
519,4,90,0.00045
675,5,103,0.00109
520,4,91,0.00045
676,5,104,0.00109
521,4,92,0.00044
677,5,105,0.00108
522,4,93,0.00044
678,5,106,0.00108
523,4,94,0.00044
679,5,107,0.00108
524,4,95,0.00044
680,5,108,0.00108
525,4,96,0.00044
681,5,109,0.00108
526,4,97,0.00044
682,5,110,0.00108
527,4,98,0.00044
683,5,111,0.00108
528,4,99,0.00044
684,5,112,0.00107
529,4,100,0.00044
685,5,113,0.00107
530,4,101,0.00044
531,4,102,0.00043
686,5,114,0.00106
532,4,103,0.00043
687,5,115,0.00107
688,5,116,0.00106
533,4,104,0.00043
689,5,117,0.00106
534,4,105,0.00043
690,5,118,0.00106
535,4,106,0.00042
691,5,119,0.00106
536,4,107,0.00042
692,5,120,0.00105
537,4,108,0.00042
693,5,121,0.00105
538,4,109,0.00042
694,5,122,0.00105
539,4,110,0.00042
540,4,111,0.00042
695,5,123,0.00105
541,4,112,0.00042
696,5,124,0.00105
542,4,113,0.00042
697,5,125,0.00104
543,4,114,0.00042
698,5,126,0.00105
544,4,115,0.00041
699,5,127,0.00105
545,4,116,0.00042
700,5,128,0.00105
546,4,117,0.00041
701,5,129,0.00105
547,4,118,0.00041
702,5,130,0.00105
548,4,119,0.00041
703,5,131,0.00105
549,4,120,0.00041
704,5,132,0.00105
550,4,121,0.00041
705,5,133,0.00104
551,4,122,0.00041
706,5,134,0.00104
552,4,123,0.00041
707,5,135,0.00105
553,4,124,0.00041
708,5,136,0.00104
554,4,125,0.00041
709,5,137,0.00104
555,4,126,0.00041
710,5,138,0.00104
556,4,127,0.00041
712,5,140,0.00103
557,4,128,0.00041
713,5,141,0.00103
558,4,129,0.00041
559,4,130,0.00041
714,5,142,0.00103
715,5,143,0.00103
560,4,131,0.00041
561,4,132,0.00041
562,4,133,0.00041
563,4,134,0.00041
564,4,135,0.00041
565,4,136,0.00041
716,6,1,0.00059
566,4,137,0.00041
717,6,2,0.00100
567,4,138,0.00042
718,6,3,0.00089
568,4,139,0.00042
719,6,4,0.00099
569,4,140,0.00041
720,6,5,0.00118
570,4,141,0.00042
721,6,6,0.00104
571,4,142,0.00042
722,6,7,0.00097
572,4,143,0.00042
723,6,8,0.00101
724,6,9,0.00097
725,6,10,0.00098
726,6,11,0.00106
727,6,12,0.00102
573,5,1,0.00033
728,6,13,0.00098
574,5,2,0.00040
729,6,14,0.00094
575,5,3,0.00030
730,6,15,0.00091
576,5,4,0.00034
731,6,16,0.00089
577,5,5,0.00030

733,6,18,0.00091
734,6,19,0.00090
579,5,7,0.00030
735,6,20,0.00091
580,5,8,0.00028
736,6,21,0.00090
581,5,9,0.00034
582,5,10,0.00040
738,6,23,0.00090
583,5,11,0.00044
584,5,12,0.00043
739,6,24,0.00090
585,5,13,0.00048
740,6,25,0.00093
586,5,14,0.00048
741,6,26,0.00093
587,5,15,0.00050
742,6,27,0.00092
743,6,28,0.00094
589,5,17,0.00048
745,6,30,0.00095
590,5,18,0.00046
591,5,19,0.00045
746,6,31,0.00094
592,5,20,0.00047
747,6,32,0.00096
593,5,21,0.00046
748,6,33,0.00097
594,5,22,0.00046
749,6,34,0.00095
595,5,23,0.00045
750,6,35,0.00097
596,5,24,0.00044
751,6,36,0.00097
597,5,25,0.00043
752,6,37,0.00101
753,6,38,0.00102
754,6,39,0.00100
755,6,40,0.00099
600,5,28,0.00042
756,6,41,0.00098
601,5,29,0.00042
757,6,42,0.00097
602,5,30,0.00041
758,6,43,0.00096
603,5,31,0.00041
759,6,44,0.00096
604,5,32,0.00040
760,6,45,0.00095
605,5,33,0.00040
761,6,46,0.00096
606,5,34,0.00040
762,6,47,0.00098
607,5,35,0.00039
763,6,48,0.00097
608,5,36,0.00039
764,6,49,0.00097
609,5,37,0.00039
765,6,50,0.00097
610,5,38,0.00040
766,6,51,0.00097
611,5,39,0.00039
767,6,52,0.00097
612,5,40,0.00040
768,6,53,0.00096
613,5,41,0.00039
769,6,54,0.00096
614,5,42,0.00039
770,6,55,0.00096
615,5,43,0.00039
771,6,56,0.00095
616,5,44,0.00038
772,6,57,0.00094
617,5,45,0.00040
773,6,58,0.00094
618,5,46,0.00039
774,6,59,0.00094
619,5,47,0.00039
775,6,60,0.00094
620,5,48,0.00039
776,6,61,0.00094
621,5,49,0.00039
777,6,62,0.00093
622,5,50,0.00039
778,6,63,0.00094
623,5,51,0.00038
779,6,64,0.00093
624,5,52,0.00038
780,6,65,0.00093
625,5,53,0.00038
781,6,66,0.00092
626,5,54,0.00039
782,6,67,0.00092
627,5,55,0.00039
783,6,68,0.00092
628,5,56,0.00040
784,6,69,0.00093
629,5,57,0.00040
785,6,70,0.00093
630,5,58,0.00041
786,6,71,0.00093
631,5,59,0.00040
787,6,72,0.00094
632,5,60,0.00040
788,6,73,0.00094
633,5,61,0.00040
789,6,74,0.00094
634,5,62,0.00040
790,6,75,0.00094
635,5,63,0.00040
791,6,76,0.00093
636,5,64,0.00040
792,6,77,0.00093
637,5,65,0.00040
793,6,78,0.00093
638,5,66,0.00040
794,6,79,0.00093
639,5,67,0.00040
795,6,80,0.00093
640,5,68,0.00040
796,6,81,0.00093
641,5,69,0.00040
797,6,82,0.00092
642,5,70,0.00040
798,6,83,0.00092
643,5,71,0.00040
799,6,84,0.00091
644,5,72,0.00040
800,6,85,0.00091
645,5,73,0.00040
801,6,86,0.00091
646,5,74,0.00040
802,6,87,0.00091
647,5,75,0.00040
803,6,88,0.00092
648,5,76,0.00040
804,6,89,0.00091
649,5,77,0.00039
805,6,90,0.00091
650,5,78,0.00040
806,6,91,0.00091
651,5,79,0.00040
807,6,92,0.00091
652,5,80,0.00039
808,6,93,0.00091
653,5,81,0.00039
809,6,94,0.00091
654,5,82,0.00039
810,6,95,0.00091
655,5,83,0.00039
811,6,96,0.00091
656,5,84,0.00039
812,6,97,0.00091
657,5,85,0.00040
813,6,98,0.00091
658,5,86,0.00040
814,6,99,0.00091
659,5,87,0.00040
815,6,100,0.00091
660,5,88,0.00041
816,6,101,0.00091
661,5,89,0.00040
817,6,102,0.00091
662,5,90,0.00040
818,6,103,0.00090
663,5,91,0.00040
819,6,104,0.00090
664,5,92,0.00040
820,6,105,0.00090
665,5,93,0.00040
821,6,106,0.00090
666,5,94,0.00040
822,6,107,0.00090
667,5,95,0.00040
823,6,108,0.00089
668,5,96,0.00040
824,6,109,0.00089
669,5,97,0.00040
825,6,110,0.00090
670,5,98,0.00040
826,6,111,0.00090
671,5,99,0.00040
827,6,112,0.00091
672,5,100,0.00040
828,6,113,0.00090
673,5,101,0.00040
829,6,114,0.00091
674,5,102,0.00040
830,6,115,0.00091
675,5,103,0.00040
831,6,116,0.00091
676,5,104,0.00040
832,6,117,0.00091
677,5,105,0.00040
833,6,118,0.00091
678,5,106,0.00040
834,6,119,0.00091
679,5,107,0.00039
835,6,120,0.00091
680,5,108,0.00040
836,6,121,0.00091
681,5,109,0.00041
837,6,122,0.00091
682,5,110,0.00041
838,6,123,0.00091
683,5,111,0.00041
839,6,124,0.00091
684,5,112,0.00040
840,6,125,0.00091
685,5,113,0.00040
841,6,126,0.00091
686,5,114,0.00041
842,6,127,0.00090
687,5,115,0.00040
843,6,128,0.00090
688,5,116,0.00040
844,6,129,0.00090
689,5,117,0.00040
845,6,130,0.00090
690,5,118,0.00040
846,6,131,0.00090
691,5,119,0.00040
847,6,132,0.00090
692,5,120,0.00040
848,6,133,0.00090
693,5,121,0.00040
849,6,134,0.00091
694,5,122,0.00040
850,6,135,0.00091
695,5,123,0.00040
851,6,136,0.00090
696,5,124,0.00040
852,6,137,0.00090
697,5,125,0.00040
853,6,138,0.00090
698,5,126,0.00040
854,6,139,0.00090
699,5,127,0.00040
855,6,140,0.00090
700,5,128,0.00040
856,6,141,0.00089
701,5,129,0.00040
857,6,142,0.00089
702,5,130,0.00040
858,6,143,0.00089
703,5,131,0.00040
704,5,132,0.00040
705,5,133,0.00040
706,5,134,0.00040
707,5,135,0.00040
708,5,136,0.00040
859,7,1,0.00103
709,5,137,0.00040
860,7,2,0.00082
710,5,138,0.00040
711,5,139,0.00040
861,7,3,0.00068
712,5,140,0.00040
713,5,141,0.00040
863,7,5,0.00070
714,5,142,0.00040
864,7,6,0.00071
715,5,143,0.00040
865,7,7,0.00072
866,7,8,0.00074
867,7,9,0.00070
868,7,10,0.00073
869,7,11,0.00069
870,7,12,0.00069
716,6,1,0.00019
871,7,13,0.00068
717,6,2,0.00016
872,7,14,0.00068
718,6,3,0.00015
873,7,15,0.00068
719,6,4,0.00028
874,7,16,0.00068
720,6,5,0.00030
875,7,17,0.00068
721,6,6,0.00039
876,7,18,0.00073
722,6,7,0.00040
877,7,19,0.00073
723,6,8,0.00040
878,7,20,0.00076
724,6,9,0.00041
879,7,21,0.00074
725,6,10,0.00040
880,7,22,0.00075
726,6,11,0.00039
881,7,23,0.00076
727,6,12,0.00045
882,7,24,0.00078
728,6,13,0.00049
883,7,25,0.00079
729,6,14,0.00046
884,7,26,0.00080
730,6,15,0.00045
885,7,27,0.00082
731,6,16,0.00044
886,7,28,0.00081
732,6,17,0.00042
887,7,29,0.00082
733,6,18,0.00040
888,7,30,0.00082
734,6,19,0.00039
889,7,31,0.00082
735,6,20,0.00039
890,7,32,0.00081
736,6,21,0.00039
891,7,33,0.00082
892,7,34,0.00082
737,6,22,0.00038
893,7,35,0.00081
738,6,23,0.00040
894,7,36,0.00083
739,6,24,0.00043
895,7,37,0.00083
740,6,25,0.00042
896,7,38,0.00082
741,6,26,0.00045
897,7,39,0.00083
742,6,27,0.00046
898,7,40,0.00084
743,6,28,0.00045
899,7,41,0.00084
744,6,29,0.00045
900,7,42,0.00085
745,6,30,0.00047
901,7,43,0.00085
746,6,31,0.00047
902,7,44,0.00086
747,6,32,0.00047
903,7,45,0.00085
748,6,33,0.00048
904,7,46,0.00085
749,6,34,0.00048
905,7,47,0.00085
750,6,35,0.00047
906,7,48,0.00087
751,6,36,0.00046
907,7,49,0.00086
752,6,37,0.00046
908,7,50,0.00086
753,6,38,0.00045
909,7,51,0.00085
754,6,39,0.00045
910,7,52,0.00087
755,6,40,0.00046
911,7,53,0.00086
756,6,41,0.00046
912,7,54,0.00086
757,6,42,0.00046
913,7,55,0.00087
758,6,43,0.00045
914,7,56,0.00086
759,6,44,0.00046
915,7,57,0.00086
760,6,45,0.00045
916,7,58,0.00085
761,6,46,0.00045
917,7,59,0.00085
762,6,47,0.00045
918,7,60,0.00084
764,6,49,0.00045
765,6,50,0.00044
920,7,62,0.00084
921,7,63,0.00083
766,6,51,0.00044
922,7,64,0.00083
767,6,52,0.00044
923,7,65,0.00083
768,6,53,0.00043
769,6,54,0.00043
924,7,66,0.00083
770,6,55,0.00043
771,6,56,0.00043
926,7,68,0.00084
772,6,57,0.00044
927,7,69,0.00084
773,6,58,0.00044
928,7,70,0.00084
774,6,59,0.00044
929,7,71,0.00083
775,6,60,0.00043
930,7,72,0.00083
776,6,61,0.00043
931,7,73,0.00083
777,6,62,0.00043
932,7,74,0.00083
778,6,63,0.00043
933,7,75,0.00084
779,6,64,0.00042
934,7,76,0.00084
780,6,65,0.00042
935,7,77,0.00085
781,6,66,0.00042
936,7,78,0.00085
782,6,67,0.00042
937,7,79,0.00086
938,7,80,0.00085
939,7,81,0.00085
784,6,69,0.00042
785,6,70,0.00042
940,7,82,0.00085
786,6,71,0.00042
941,7,83,0.00085
787,6,72,0.00042
942,7,84,0.00085
788,6,73,0.00042
943,7,85,0.00085
789,6,74,0.00042
944,7,86,0.00084
790,6,75,0.00043
945,7,87,0.00084
791,6,76,0.00043
946,7,88,0.00083
792,6,77,0.00043
947,7,89,0.00083
793,6,78,0.00043
948,7,90,0.00083
794,6,79,0.00043
949,7,91,0.00083
795,6,80,0.00043
950,7,92,0.00083
951,7,93,0.00083
796,6,81,0.00043
797,6,82,0.00043
952,7,94,0.00083
798,6,83,0.00043
953,7,95,0.00083
954,7,96,0.00082
799,6,84,0.00043
955,7,97,0.00082
800,6,85,0.00042
801,6,86,0.00042
956,7,98,0.00083
802,6,87,0.00042
957,7,99,0.00082
803,6,88,0.00042
958,7,100,0.00082
804,6,89,0.00042
959,7,101,0.00082
805,6,90,0.00042
960,7,102,0.00082
806,6,91,0.00042
961,7,103,0.00082
807,6,92,0.00042
962,7,104,0.00081
808,6,93,0.00042
963,7,105,0.00082
809,6,94,0.00042
964,7,106,0.00082
810,6,95,0.00042
965,7,107,0.00082
811,6,96,0.00041
966,7,108,0.00081
812,6,97,0.00041
967,7,109,0.00081
813,6,98,0.00041
968,7,110,0.00082
814,6,99,0.00041
969,7,111,0.00082
815,6,100,0.00041
970,7,112,0.00081
816,6,101,0.00041
971,7,113,0.00082
817,6,102,0.00040
972,7,114,0.00082
818,6,103,0.00040
973,7,115,0.00082
819,6,104,0.00040
974,7,116,0.00081
820,6,105,0.00040
975,7,117,0.00081
821,6,106,0.00040
976,7,118,0.00081
822,6,107,0.00040
977,7,119,0.00081
823,6,108,0.00040
978,7,120,0.00081
824,6,109,0.00040
979,7,121,0.00081
825,6,110,0.00040
980,7,122,0.00080
826,6,111,0.00040
981,7,123,0.00081
827,6,112,0.00040
982,7,124,0.00081
828,6,113,0.00040
983,7,125,0.00081
829,6,114,0.00039
984,7,126,0.00081
830,6,115,0.00040
985,7,127,0.00081
831,6,116,0.00040
986,7,128,0.00081
832,6,117,0.00040
987,7,129,0.00081
833,6,118,0.00039
988,7,130,0.00081
834,6,119,0.00039
989,7,131,0.00081
835,6,120,0.00039
990,7,132,0.00081
836,6,121,0.00039
991,7,133,0.00081
837,6,122,0.00039
992,7,134,0.00080
838,6,123,0.00039
993,7,135,0.00080
839,6,124,0.00039
994,7,136,0.00080
840,6,125,0.00039
995,7,137,0.00080
841,6,126,0.00039
996,7,138,0.00080
842,6,127,0.00039
997,7,139,0.00080
843,6,128,0.00039
998,7,140,0.00080
844,6,129,0.00039
999,7,141,0.00080
845,6,130,0.00040
1000,7,142,0.00080
846,6,131,0.00039
1001,7,143,0.00080
847,6,132,0.00039
848,6,133,0.00039
849,6,134,0.00039
850,6,135,0.00039
851,6,136,0.00039
852,6,137,0.00039
853,6,138,0.00039
1002,8,1,0.00082
854,6,139,0.00039
1003,8,2,0.00081
855,6,140,0.00039
1004,8,3,0.00068
856,6,141,0.00039
1005,8,4,0.00074
857,6,142,0.00039
1006,8,5,0.00074
858,6,143,0.00039
1007,8,6,0.00070
1008,8,7,0.00067
1009,8,8,0.00067
1010,8,9,0.00064
1011,8,10,0.00068
1012,8,11,0.00066
859,7,1,0.00031
1013,8,12,0.00066
860,7,2,0.00054
1014,8,13,0.00070
861,7,3,0.00071
1015,8,14,0.00068
862,7,4,0.00069
1016,8,15,0.00067
863,7,5,0.00059
1017,8,16,0.00067
864,7,6,0.00057
1018,8,17,0.00065
865,7,7,0.00056
1019,8,18,0.00066
866,7,8,0.00057
1020,8,19,0.00064
867,7,9,0.00059
1021,8,20,0.00065
868,7,10,0.00055
1022,8,21,0.00064
869,7,11,0.00057
870,7,12,0.00054
1023,8,22,0.00068
1024,8,23,0.00069
871,7,13,0.00052
872,7,14,0.00056

873,7,15,0.00055

1027,8,26,0.00071
874,7,16,0.00052
1028,8,27,0.00072
875,7,17,0.00053
876,7,18,0.00051

1030,8,29,0.00072
1031,8,30,0.00072
878,7,20,0.00050
1032,8,31,0.00071
879,7,21,0.00050
880,7,22,0.00051

881,7,23,0.00050

882,7,24,0.00050
1035,8,34,0.00070
1036,8,35,0.00070
883,7,25,0.00050
1037,8,36,0.00070
885,7,27,0.00048
1038,8,37,0.00071
1039,8,38,0.00070
1040,8,39,0.00070
887,7,29,0.00048
1041,8,40,0.00070
888,7,30,0.00047
889,7,31,0.00046

1043,8,42,0.00073
891,7,33,0.00046
1044,8,43,0.00074
892,7,34,0.00047

893,7,35,0.00046
1046,8,45,0.00073
1047,8,46,0.00072
1048,8,47,0.00072
895,7,37,0.00046
1049,8,48,0.00072
1050,8,49,0.00072
897,7,39,0.00047
1051,8,50,0.00072
898,7,40,0.00047
1052,8,51,0.00072
899,7,41,0.00048
900,7,42,0.00048
1053,8,52,0.00072
901,7,43,0.00048
1054,8,53,0.00073
902,7,44,0.00047

1056,8,55,0.00073
904,7,46,0.00048

905,7,47,0.00048
1058,8,57,0.00073
906,7,48,0.00048

907,7,49,0.00048

1061,8,60,0.00071
908,7,50,0.00047
1062,8,61,0.00071
910,7,52,0.00047

1064,8,63,0.00071
911,7,53,0.00047
1065,8,64,0.00071
912,7,54,0.00047
913,7,55,0.00047

914,7,56,0.00047
1067,8,66,0.00071
915,7,57,0.00047
1068,8,67,0.00071
916,7,58,0.00047
1069,8,68,0.00071
917,7,59,0.00046
1070,8,69,0.00071
918,7,60,0.00046
1071,8,70,0.00070
919,7,61,0.00046
1072,8,71,0.00070
920,7,62,0.00046
1073,8,72,0.00070
921,7,63,0.00046
1074,8,73,0.00070
922,7,64,0.00045
1075,8,74,0.00070
923,7,65,0.00045
1076,8,75,0.00070
924,7,66,0.00044
1077,8,76,0.00071
925,7,67,0.00044
1078,8,77,0.00071
926,7,68,0.00044
1079,8,78,0.00071
927,7,69,0.00044
1080,8,79,0.00071
928,7,70,0.00044
1081,8,80,0.00071
929,7,71,0.00044
1082,8,81,0.00071
930,7,72,0.00043
1083,8,82,0.00071
931,7,73,0.00043
1084,8,83,0.00071
932,7,74,0.00043
1085,8,84,0.00071
933,7,75,0.00043
1086,8,85,0.00071
934,7,76,0.00043
1087,8,86,0.00071
935,7,77,0.00042
1088,8,87,0.00071
936,7,78,0.00042
1089,8,88,0.00072
937,7,79,0.00042
1090,8,89,0.00072
938,7,80,0.00042
1091,8,90,0.00072
939,7,81,0.00042
1092,8,91,0.00072
1093,8,92,0.00072
940,7,82,0.00042
1094,8,93,0.00072
941,7,83,0.00041
1095,8,94,0.00073
1096,8,95,0.00073
943,7,85,0.00041
1097,8,96,0.00073
944,7,86,0.00041
945,7,87,0.00041

1099,8,98,0.00072
1100,8,99,0.00072
1101,8,100,0.00072
948,7,90,0.00041
1102,8,101,0.00072
950,7,92,0.00040
1103,8,102,0.00072
951,7,93,0.00040

952,7,94,0.00040

953,7,95,0.00040

1107,8,106,0.00073
954,7,96,0.00040
955,7,97,0.00040
1108,8,107,0.00074
956,7,98,0.00040
1109,8,108,0.00073
957,7,99,0.00040
1110,8,109,0.00073
958,7,100,0.00040
1111,8,110,0.00073
959,7,101,0.00039
1112,8,111,0.00073
960,7,102,0.00040
1113,8,112,0.00073
961,7,103,0.00040
1114,8,113,0.00073
962,7,104,0.00040
1115,8,114,0.00073
963,7,105,0.00039
1116,8,115,0.00073
964,7,106,0.00039
1117,8,116,0.00073
1118,8,117,0.00073
1119,8,118,0.00073
966,7,108,0.00039
967,7,109,0.00040

968,7,110,0.00039
1121,8,120,0.00072
1122,8,121,0.00072
970,7,112,0.00039
1123,8,122,0.00072
1124,8,123,0.00072
971,7,113,0.00039
1125,8,124,0.00072
972,7,114,0.00039
973,7,115,0.00039
1126,8,125,0.00072
974,7,116,0.00039
1127,8,126,0.00072
1128,8,127,0.00072
975,7,117,0.00039
976,7,118,0.00039

977,7,119,0.00039
1130,8,129,0.00072
1131,8,130,0.00072
979,7,121,0.00039
1132,8,131,0.00072
1133,8,132,0.00072
980,7,122,0.00039
1134,8,133,0.00071
981,7,123,0.00039
1135,8,134,0.00071
982,7,124,0.00039
1136,8,135,0.00071
983,7,125,0.00039
1137,8,136,0.00071
984,7,126,0.00039
985,7,127,0.00038

986,7,128,0.00038

1140,8,139,0.00070
988,7,130,0.00038
1141,8,140,0.00070
989,7,131,0.00038

1143,8,142,0.00070
1144,8,143,0.00070
991,7,133,0.00038
992,7,134,0.00038
993,7,135,0.00038
994,7,136,0.00038
995,7,137,0.00038
996,7,138,0.00038
1145,9,1,0.00047
997,7,139,0.00038
1146,9,2,0.00044
998,7,140,0.00038
1147,9,3,0.00049
999,7,141,0.00037
1148,9,4,0.00051
1000,7,142,0.00037
1001,7,143,0.00037
1149,9,5,0.00051
1150,9,6,0.00052
1151,9,7,0.00051
1152,9,8,0.00051
1153,9,9,0.00059
1154,9,10,0.00059
1002,8,1,0.00013
1155,9,11,0.00060
1003,8,2,0.00029
1156,9,12,0.00062
1004,8,3,0.00025
1157,9,13,0.00060
1005,8,4,0.00027
1158,9,14,0.00057
1006,8,5,0.00036
1159,9,15,0.00060
1007,8,6,0.00032
1160,9,16,0.00059
1008,8,7,0.00032
1161,9,17,0.00063
1009,8,8,0.00031
1162,9,18,0.00065
1010,8,9,0.00029
1163,9,19,0.00067
1011,8,10,0.00029
1164,9,20,0.00067
1012,8,11,0.00028
1165,9,21,0.00066
1013,8,12,0.00027
1166,9,22,0.00068
1014,8,13,0.00026
1167,9,23,0.00067
1015,8,14,0.00026
1168,9,24,0.00066
1016,8,15,0.00030
1169,9,25,0.00065
1017,8,16,0.00030
1170,9,26,0.00065
1018,8,17,0.00031
1171,9,27,0.00068
1019,8,18,0.00033
1172,9,28,0.00068
1020,8,19,0.00032
1173,9,29,0.00067
1021,8,20,0.00031
1174,9,30,0.00066
1022,8,21,0.00031
1175,9,31,0.00065
1023,8,22,0.00031
1176,9,32,0.00065
1024,8,23,0.00031
1177,9,33,0.00065
1025,8,24,0.00031
1178,9,34,0.00068
1026,8,25,0.00033
1179,9,35,0.00068
1027,8,26,0.00033
1180,9,36,0.00067
1028,8,27,0.00033
1181,9,37,0.00066
1029,8,28,0.00032
1182,9,38,0.00066
1030,8,29,0.00032
1183,9,39,0.00066
1031,8,30,0.00033
1184,9,40,0.00066
1032,8,31,0.00034
1185,9,41,0.00065
1033,8,32,0.00035
1186,9,42,0.00066
1034,8,33,0.00035
1187,9,43,0.00066
1035,8,34,0.00035
1188,9,44,0.00065
1036,8,35,0.00035
1189,9,45,0.00064
1037,8,36,0.00035
1190,9,46,0.00064
1038,8,37,0.00037
1191,9,47,0.00065
1039,8,38,0.00037
1192,9,48,0.00065
1040,8,39,0.00038
1193,9,49,0.00065
1041,8,40,0.00038
1194,9,50,0.00065
1042,8,41,0.00040
1195,9,51,0.00065
1043,8,42,0.00039
1196,9,52,0.00064
1044,8,43,0.00039
1197,9,53,0.00064
1045,8,44,0.00039
1198,9,54,0.00064
1046,8,45,0.00039
1199,9,55,0.00064
1047,8,46,0.00039
1200,9,56,0.00064
1048,8,47,0.00038
1201,9,57,0.00064
1049,8,48,0.00038
1202,9,58,0.00064
1050,8,49,0.00040
1203,9,59,0.00064
1051,8,50,0.00040
1204,9,60,0.00063
1052,8,51,0.00040
1205,9,61,0.00064
1053,8,52,0.00039
1206,9,62,0.00064
1054,8,53,0.00039
1207,9,63,0.00064
1055,8,54,0.00039
1208,9,64,0.00064
1056,8,55,0.00039
1209,9,65,0.00064
1057,8,56,0.00040
1210,9,66,0.00064
1058,8,57,0.00039
1211,9,67,0.00065
1059,8,58,0.00039
1212,9,68,0.00065
1060,8,59,0.00039
1213,9,69,0.00066
1061,8,60,0.00039
1214,9,70,0.00066
1062,8,61,0.00038
1215,9,71,0.00066
1063,8,62,0.00038
1216,9,72,0.00065
1064,8,63,0.00038
1217,9,73,0.00066
1065,8,64,0.00038
1218,9,74,0.00066
1066,8,65,0.00038
1219,9,75,0.00066
1067,8,66,0.00038
1220,9,76,0.00066
1068,8,67,0.00037
1221,9,77,0.00066
1069,8,68,0.00038
1222,9,78,0.00066
1070,8,69,0.00038
1223,9,79,0.00066
1071,8,70,0.00038
1224,9,80,0.00066
1072,8,71,0.00037
1225,9,81,0.00065
1073,8,72,0.00037
1226,9,82,0.00065
1074,8,73,0.00037
1227,9,83,0.00065
1075,8,74,0.00037
1228,9,84,0.00065
1076,8,75,0.00037
1229,9,85,0.00065
1077,8,76,0.00037
1230,9,86,0.00064
1078,8,77,0.00036
1231,9,87,0.00065
1079,8,78,0.00036
1232,9,88,0.00065
1080,8,79,0.00036
1233,9,89,0.00064
1081,8,80,0.00036
1234,9,90,0.00064
1082,8,81,0.00037
1235,9,91,0.00064
1083,8,82,0.00037
1236,9,92,0.00064
1084,8,83,0.00036
1237,9,93,0.00064
1085,8,84,0.00036
1238,9,94,0.00063
1086,8,85,0.00036
1239,9,95,0.00063
1087,8,86,0.00036
1240,9,96,0.00063
1088,8,87,0.00036
1241,9,97,0.00063
1089,8,88,0.00035
1242,9,98,0.00063
1090,8,89,0.00035
1243,9,99,0.00063
1091,8,90,0.00035
1244,9,100,0.00063
1092,8,91,0.00035
1245,9,101,0.00063
1093,8,92,0.00035
1246,9,102,0.00063
1094,8,93,0.00035
1247,9,103,0.00062
1095,8,94,0.00035
1248,9,104,0.00062
1096,8,95,0.00036
1249,9,105,0.00062
1097,8,96,0.00036
1250,9,106,0.00062
1098,8,97,0.00036
1251,9,107,0.00062
1099,8,98,0.00036
1252,9,108,0.00062
1100,8,99,0.00036
1253,9,109,0.00062
1101,8,100,0.00036
1254,9,110,0.00062
1102,8,101,0.00036
1255,9,111,0.00062
1103,8,102,0.00037
1256,9,112,0.00062
1257,9,113,0.00062
1105,8,104,0.00038
1258,9,114,0.00062
1106,8,105,0.00038
1107,8,106,0.00038
1260,9,116,0.00062
1261,9,117,0.00062
1109,8,108,0.00037
1262,9,118,0.00062
1263,9,119,0.00062
1112,8,111,0.00038
1264,9,120,0.00062
1113,8,112,0.00038
1265,9,121,0.00063
1114,8,113,0.00037
1266,9,122,0.00062
1115,8,114,0.00037
1267,9,123,0.00062
1116,8,115,0.00037
1268,9,124,0.00062
1269,9,125,0.00062
1270,9,126,0.00062
1118,8,117,0.00037
1119,8,118,0.00037
1120,8,119,0.00037
1272,9,128,0.00061
1121,8,120,0.00037
1273,9,129,0.00062
1122,8,121,0.00037
1274,9,130,0.00061
1123,8,122,0.00037
1276,9,132,0.00062
1277,9,133,0.00061
1125,8,124,0.00037
1126,8,125,0.00037
1279,9,135,0.00062
1127,8,126,0.00036
1280,9,136,0.00062
1281,9,137,0.00062
1282,9,138,0.00062
1130,8,129,0.00037
1283,9,139,0.00061
1131,8,130,0.00037
1132,8,131,0.00037
1285,9,141,0.00062
1134,8,133,0.00036
1286,9,142,0.00062
1287,9,143,0.00062
1135,8,134,0.00037
1136,8,135,0.00036
1137,8,136,0.00037
1138,8,137,0.00037
1139,8,138,0.00037
1140,8,139,0.00037
1288,10,1,0.00039
1141,8,140,0.00037
1289,10,2,0.00038
1142,8,141,0.00036
1290,10,3,0.00049
1143,8,142,0.00036
1291,10,4,0.00055
1144,8,143,0.00036
1292,10,5,0.00064
1293,10,6,0.00063
1294,10,7,0.00061
1295,10,8,0.00059
1296,10,9,0.00055
1297,10,10,0.00059
1298,10,11,0.00060
1146,9,2,0.00047
1299,10,12,0.00058
1147,9,3,0.00042
1300,10,13,0.00060
1148,9,4,0.00037
1301,10,14,0.00066
1149,9,5,0.00039
1150,9,6,0.00037

1151,9,7,0.00044

1152,9,8,0.00041

1305,10,18,0.00064
1306,10,19,0.00065
1307,10,20,0.00065
1308,10,21,0.00064
1309,10,22,0.00064
1157,9,13,0.00038
1310,10,23,0.00063
1158,9,14,0.00039
1311,10,24,0.00064
1159,9,15,0.00038
1312,10,25,0.00065
1160,9,16,0.00037
1313,10,26,0.00064
1161,9,17,0.00040
1314,10,27,0.00063
1162,9,18,0.00040
1163,9,19,0.00040

1164,9,20,0.00039
1316,10,29,0.00062
1165,9,21,0.00038
1317,10,30,0.00063
1166,9,22,0.00038
1318,10,31,0.00062
1167,9,23,0.00038
1319,10,32,0.00064
1168,9,24,0.00038
1320,10,33,0.00064
1169,9,25,0.00038
1321,10,34,0.00063
1170,9,26,0.00037
1322,10,35,0.00062
1323,10,36,0.00063
1324,10,37,0.00062
1325,10,38,0.00062
1173,9,29,0.00037
1174,9,30,0.00039
1326,10,39,0.00061
1327,10,40,0.00061
1176,9,32,0.00042
1328,10,41,0.00061
1177,9,33,0.00041
1329,10,42,0.00061
1178,9,34,0.00043

1179,9,35,0.00042
1331,10,44,0.00061
1332,10,45,0.00062
1180,9,36,0.00042
1333,10,46,0.00062
1181,9,37,0.00042
1334,10,47,0.00063
1182,9,38,0.00043
1335,10,48,0.00063
1183,9,39,0.00043
1336,10,49,0.00062
1184,9,40,0.00042
1337,10,50,0.00063
1185,9,41,0.00042
1338,10,51,0.00063
1186,9,42,0.00042
1339,10,52,0.00063
1187,9,43,0.00042
1340,10,53,0.00063
1188,9,44,0.00043
1341,10,54,0.00064
1189,9,45,0.00043
1342,10,55,0.00063
1190,9,46,0.00043
1343,10,56,0.00064
1191,9,47,0.00042
1344,10,57,0.00063
1192,9,48,0.00042
1345,10,58,0.00063
1193,9,49,0.00042
1346,10,59,0.00062
1194,9,50,0.00042
1347,10,60,0.00062
1195,9,51,0.00042
1348,10,61,0.00062
1196,9,52,0.00041
1349,10,62,0.00062
1197,9,53,0.00041
1350,10,63,0.00062
1198,9,54,0.00041
1351,10,64,0.00062
1199,9,55,0.00041
1352,10,65,0.00062
1200,9,56,0.00040
1353,10,66,0.00062
1201,9,57,0.00040
1354,10,67,0.00061
1202,9,58,0.00040
1355,10,68,0.00061
1203,9,59,0.00040
1356,10,69,0.00061
1204,9,60,0.00040
1357,10,70,0.00061
1205,9,61,0.00039
1358,10,71,0.00061
1206,9,62,0.00039
1359,10,72,0.00061
1207,9,63,0.00039
1360,10,73,0.00061
1208,9,64,0.00039
1361,10,74,0.00061
1209,9,65,0.00038
1362,10,75,0.00061
1210,9,66,0.00039
1363,10,76,0.00061
1211,9,67,0.00039
1364,10,77,0.00060
1212,9,68,0.00039
1365,10,78,0.00061
1213,9,69,0.00038
1366,10,79,0.00061
1214,9,70,0.00039
1367,10,80,0.00060
1215,9,71,0.00039
1368,10,81,0.00060
1216,9,72,0.00039
1369,10,82,0.00060
1217,9,73,0.00039
1370,10,83,0.00060
1218,9,74,0.00038
1371,10,84,0.00060
1219,9,75,0.00038
1372,10,85,0.00060
1220,9,76,0.00039
1373,10,86,0.00060
1221,9,77,0.00040
1374,10,87,0.00060
1222,9,78,0.00040
1375,10,88,0.00061
1223,9,79,0.00040
1376,10,89,0.00060
1224,9,80,0.00039
1377,10,90,0.00060
1225,9,81,0.00039
1378,10,91,0.00060
1226,9,82,0.00039
1379,10,92,0.00060
1227,9,83,0.00040
1380,10,93,0.00060
1228,9,84,0.00039
1381,10,94,0.00060
1229,9,85,0.00039
1382,10,95,0.00060
1230,9,86,0.00039
1383,10,96,0.00060
1231,9,87,0.00039
1384,10,97,0.00059
1232,9,88,0.00039
1385,10,98,0.00059
1233,9,89,0.00039
1386,10,99,0.00059
1234,9,90,0.00038
1387,10,100,0.00059
1235,9,91,0.00038
1388,10,101,0.00059
1236,9,92,0.00038
1389,10,102,0.00059
1237,9,93,0.00038
1390,10,103,0.00058
1238,9,94,0.00038
1391,10,104,0.00059
1239,9,95,0.00038
1392,10,105,0.00059
1240,9,96,0.00038
1393,10,106,0.00058
1241,9,97,0.00039
1394,10,107,0.00058
1242,9,98,0.00039
1395,10,108,0.00058
1243,9,99,0.00038
1396,10,109,0.00057
1244,9,100,0.00038
1397,10,110,0.00057
1245,9,101,0.00038
1398,10,111,0.00057
1246,9,102,0.00038

1400,10,113,0.00057
1247,9,103,0.00038
1401,10,114,0.00057
1248,9,104,0.00038
1402,10,115,0.00057
1249,9,105,0.00038
1250,9,106,0.00038
1403,10,116,0.00057
1251,9,107,0.00038
1404,10,117,0.00057
1405,10,118,0.00057
1252,9,108,0.00038
1406,10,119,0.00057
1253,9,109,0.00037
1407,10,120,0.00057
1254,9,110,0.00038
1408,10,121,0.00057
1256,9,112,0.00037
1409,10,122,0.00057
1410,10,123,0.00057
1258,9,114,0.00037
1411,10,124,0.00057
1412,10,125,0.00057
1259,9,115,0.00037
1413,10,126,0.00057
1414,10,127,0.00057
1415,10,128,0.00057
1416,10,129,0.00057
1417,10,130,0.00057
1265,9,121,0.00037
1418,10,131,0.00057
1266,9,122,0.00036
1419,10,132,0.00057
1420,10,133,0.00057
1421,10,134,0.00057
1269,9,125,0.00036

1423,10,136,0.00057
1271,9,127,0.00036
1424,10,137,0.00058
1425,10,138,0.00058
1426,10,139,0.00058
1274,9,130,0.00036
1427,10,140,0.00058
1428,10,141,0.00058
1276,9,132,0.00036
1429,10,142,0.00058
1277,9,133,0.00036
1430,10,143,0.00058
1278,9,134,0.00036
1279,9,135,0.00036
1280,9,136,0.00036
1281,9,137,0.00035
1282,9,138,0.00035
1431,11,1,0.00073
1283,9,139,0.00035
1432,11,2,0.00088
1284,9,140,0.00036
1433,11,3,0.00074
1285,9,141,0.00035
1434,11,4,0.00068
1286,9,142,0.00035
1435,11,5,0.00058
1287,9,143,0.00035
1436,11,6,0.00053
1437,11,7,0.00055
1438,11,8,0.00058
1439,11,9,0.00058
1440,11,10,0.00064
1288,10,1,0.00011
1441,11,11,0.00067
1289,10,2,0.00030
1442,11,12,0.00063
1290,10,3,0.00036
1443,11,13,0.00062
1291,10,4,0.00036
1444,11,14,0.00064
1445,11,15,0.00063
1446,11,16,0.00066
1293,10,6,0.00029
1447,11,17,0.00069
1295,10,8,0.00030
1448,11,18,0.00066
1296,10,9,0.00031

1297,10,10,0.00029
1451,11,21,0.00066
1298,10,11,0.00028
1452,11,22,0.00066
1299,10,12,0.00029
1453,11,23,0.00065
1300,10,13,0.00027
1454,11,24,0.00064
1301,10,14,0.00027
1455,11,25,0.00063
1302,10,15,0.00026
1456,11,26,0.00064
1303,10,16,0.00026
1457,11,27,0.00063
1304,10,17,0.00026
1458,11,28,0.00062
1305,10,18,0.00026
1459,11,29,0.00062
1306,10,19,0.00027
1460,11,30,0.00061
1307,10,20,0.00028
1461,11,31,0.00061
1308,10,21,0.00028
1462,11,32,0.00060
1309,10,22,0.00028
1463,11,33,0.00059
1310,10,23,0.00028
1464,11,34,0.00058
1311,10,24,0.00027
1465,11,35,0.00058
1312,10,25,0.00027
1466,11,36,0.00057
1313,10,26,0.00028
1314,10,27,0.00028
1467,11,37,0.00057
1468,11,38,0.00057
1315,10,28,0.00029
1469,11,39,0.00057
1316,10,29,0.00029
1470,11,40,0.00057
1317,10,30,0.00029
1471,11,41,0.00057
1318,10,31,0.00028
1472,11,42,0.00057
1319,10,32,0.00028
1473,11,43,0.00056
1320,10,33,0.00028
1474,11,44,0.00056
1321,10,34,0.00029
1475,11,45,0.00056
1322,10,35,0.00029
1476,11,46,0.00055
1323,10,36,0.00029
1477,11,47,0.00056
1324,10,37,0.00028
1478,11,48,0.00055
1325,10,38,0.00030
1326,10,39,0.00030
1479,11,49,0.00056
1480,11,50,0.00055
1328,10,41,0.00032
1329,10,42,0.00032
1483,11,53,0.00055
1330,10,43,0.00032
1484,11,54,0.00054
1331,10,44,0.00034
1485,11,55,0.00054
1332,10,45,0.00034
1486,11,56,0.00054
1333,10,46,0.00034
1487,11,57,0.00054
1334,10,47,0.00033
1488,11,58,0.00056
1335,10,48,0.00034
1336,10,49,0.00034
1337,10,50,0.00035
1490,11,60,0.00057
1338,10,51,0.00034
1492,11,62,0.00057
1340,10,53,0.00034
1493,11,63,0.00057
1341,10,54,0.00034
1494,11,64,0.00056
1342,10,55,0.00034
1495,11,65,0.00056
1343,10,56,0.00034
1496,11,66,0.00056
1497,11,67,0.00057
1344,10,57,0.00034
1498,11,68,0.00057
1345,10,58,0.00033
1499,11,69,0.00057
1346,10,59,0.00033
1347,10,60,0.00033
1348,10,61,0.00033
1502,11,72,0.00056
1350,10,63,0.00032
1504,11,74,0.00055
1505,11,75,0.00056
1352,10,65,0.00032
1353,10,66,0.00032
1354,10,67,0.00032
1507,11,77,0.00056
1508,11,78,0.00056
1356,10,69,0.00031
1357,10,70,0.00032
1510,11,80,0.00056
1358,10,71,0.00032
1511,11,81,0.00056
1359,10,72,0.00031
1512,11,82,0.00056
1360,10,73,0.00031
1513,11,83,0.00056
1361,10,74,0.00031
1514,11,84,0.00056
1515,11,85,0.00056
1362,10,75,0.00031
1516,11,86,0.00055
1363,10,76,0.00033
1517,11,87,0.00056
1364,10,77,0.00033
1518,11,88,0.00055
1365,10,78,0.00033
1519,11,89,0.00055
1366,10,79,0.00033
1520,11,90,0.00055
1367,10,80,0.00033
1521,11,91,0.00055
1368,10,81,0.00033
1522,11,92,0.00055
1369,10,82,0.00034
1523,11,93,0.00055
1370,10,83,0.00034
1524,11,94,0.00055
1371,10,84,0.00034
1525,11,95,0.00055
1372,10,85,0.00034
1526,11,96,0.00055
1373,10,86,0.00034
1527,11,97,0.00055
1374,10,87,0.00034
1528,11,98,0.00055
1375,10,88,0.00034
1529,11,99,0.00055
1376,10,89,0.00034
1530,11,100,0.00055
1377,10,90,0.00034
1378,10,91,0.00034
1531,11,101,0.00054
1379,10,92,0.00034
1532,11,102,0.00054
1533,11,103,0.00055
1381,10,94,0.00034
1534,11,104,0.00055
1382,10,95,0.00034
1535,11,105,0.00055
1383,10,96,0.00034
1536,11,106,0.00055
1384,10,97,0.00034
1537,11,107,0.00054
1385,10,98,0.00035
1538,11,108,0.00054
1386,10,99,0.00034
1539,11,109,0.00054
1387,10,100,0.00034
1540,11,110,0.00054
1388,10,101,0.00034
1541,11,111,0.00054
1389,10,102,0.00034
1542,11,112,0.00054
1390,10,103,0.00034
1543,11,113,0.00054
1391,10,104,0.00034
1544,11,114,0.00054
1392,10,105,0.00034
1545,11,115,0.00054
1393,10,106,0.00034
1546,11,116,0.00054
1394,10,107,0.00034
1547,11,117,0.00054
1395,10,108,0.00034
1548,11,118,0.00054
1396,10,109,0.00034
1549,11,119,0.00053
1397,10,110,0.00034
1550,11,120,0.00053
1398,10,111,0.00034
1551,11,121,0.00053
1552,11,122,0.00053
1399,10,112,0.00035
1400,10,113,0.00035
1553,11,123,0.00053
1554,11,124,0.00053
1401,10,114,0.00035
1555,11,125,0.00054
1402,10,115,0.00035
1556,11,126,0.00054
1403,10,116,0.00035
1557,11,127,0.00054
1404,10,117,0.00035
1558,11,128,0.00054
1405,10,118,0.00035
1406,10,119,0.00035
1559,11,129,0.00054
1407,10,120,0.00034
1560,11,130,0.00054
1561,11,131,0.00054
1408,10,121,0.00034
1562,11,132,0.00054
1409,10,122,0.00034
1563,11,133,0.00053
1410,10,123,0.00034
1411,10,124,0.00034
1564,11,134,0.00053
1412,10,125,0.00035
1565,11,135,0.00054
1413,10,126,0.00035
1566,11,136,0.00054
1414,10,127,0.00035
1567,11,137,0.00054
1415,10,128,0.00035
1568,11,138,0.00054
1416,10,129,0.00035
1569,11,139,0.00054
1417,10,130,0.00035
1570,11,140,0.00054
1418,10,131,0.00035
1571,11,141,0.00054
1419,10,132,0.00035
1572,11,142,0.00053
1420,10,133,0.00035
1573,11,143,0.00053
1421,10,134,0.00035
1422,10,135,0.00035
1423,10,136,0.00036
1424,10,137,0.00035
1425,10,138,0.00035
1574,12,1,0.00036
1426,10,139,0.00035
1575,12,2,0.00031
1427,10,140,0.00035
1576,12,3,0.00036
1428,10,141,0.00035
1577,12,4,0.00041
1429,10,142,0.00035
1578,12,5,0.00044
1430,10,143,0.00035
1579,12,6,0.00052
1580,12,7,0.00048
1581,12,8,0.00046
1582,12,9,0.00049
1583,12,10,0.00047
1584,12,11,0.00046
1431,11,1,0.00029
1585,12,12,0.00045
1432,11,2,0.00035
1586,12,13,0.00044
1433,11,3,0.00042
1587,12,14,0.00043
1434,11,4,0.00044
1588,12,15,0.00042
1435,11,5,0.00041
1589,12,16,0.00043
1436,11,6,0.00039
1590,12,17,0.00043
1437,11,7,0.00037
1591,12,18,0.00044
1438,11,8,0.00034
1592,12,19,0.00044
1439,11,9,0.00034
1593,12,20,0.00043
1440,11,10,0.00032
1594,12,21,0.00043
1441,11,11,0.00034
1595,12,22,0.00046
1442,11,12,0.00033
1596,12,23,0.00047
1443,11,13,0.00033
1597,12,24,0.00046
1444,11,14,0.00032
1598,12,25,0.00046
1445,11,15,0.00031
1599,12,26,0.00045
1446,11,16,0.00030
1600,12,27,0.00046
1447,11,17,0.00030
1601,12,28,0.00047
1448,11,18,0.00029
1602,12,29,0.00047
1449,11,19,0.00029
1603,12,30,0.00048
1450,11,20,0.00031
1604,12,31,0.00047
1451,11,21,0.00030
1605,12,32,0.00046
1452,11,22,0.00032
1606,12,33,0.00046
1453,11,23,0.00032
1607,12,34,0.00050
1454,11,24,0.00031
1608,12,35,0.00051
1455,11,25,0.00031
1609,12,36,0.00052
1456,11,26,0.00031
1610,12,37,0.00051
1457,11,27,0.00032
1611,12,38,0.00052
1458,11,28,0.00032
1612,12,39,0.00052
1459,11,29,0.00033
1613,12,40,0.00054
1460,11,30,0.00033
1614,12,41,0.00054
1461,11,31,0.00033
1615,12,42,0.00054
1462,11,32,0.00033
1616,12,43,0.00054
1463,11,33,0.00034
1617,12,44,0.00054
1464,11,34,0.00034
1618,12,45,0.00053
1465,11,35,0.00034
1619,12,46,0.00053
1466,11,36,0.00035
1620,12,47,0.00053
1467,11,37,0.00034
1621,12,48,0.00052
1468,11,38,0.00034
1622,12,49,0.00052
1469,11,39,0.00034
1623,12,50,0.00052
1470,11,40,0.00034
1624,12,51,0.00052
1471,11,41,0.00033
1625,12,52,0.00052
1472,11,42,0.00033
1626,12,53,0.00052
1473,11,43,0.00033
1627,12,54,0.00052
1474,11,44,0.00033
1628,12,55,0.00052
1475,11,45,0.00033
1629,12,56,0.00052
1476,11,46,0.00033
1630,12,57,0.00052
1477,11,47,0.00032
1631,12,58,0.00051
1478,11,48,0.00032
1632,12,59,0.00051
1479,11,49,0.00033
1633,12,60,0.00052
1480,11,50,0.00033
1634,12,61,0.00052
1481,11,51,0.00033
1635,12,62,0.00051
1482,11,52,0.00032
1636,12,63,0.00051
1483,11,53,0.00032
1637,12,64,0.00052
1484,11,54,0.00032
1638,12,65,0.00051
1485,11,55,0.00032
1639,12,66,0.00052
1486,11,56,0.00031
1640,12,67,0.00052
1487,11,57,0.00032
1641,12,68,0.00052
1488,11,58,0.00032
1642,12,69,0.00051
1489,11,59,0.00033
1643,12,70,0.00052
1490,11,60,0.00033
1644,12,71,0.00052
1491,11,61,0.00032
1645,12,72,0.00053
1492,11,62,0.00032
1646,12,73,0.00053
1493,11,63,0.00032
1647,12,74,0.00053
1494,11,64,0.00032
1648,12,75,0.00052
1495,11,65,0.00033
1649,12,76,0.00052
1496,11,66,0.00034
1650,12,77,0.00052
1497,11,67,0.00034
1651,12,78,0.00052
1498,11,68,0.00034
1652,12,79,0.00052
1653,12,80,0.00051
1499,11,69,0.00034
1654,12,81,0.00052
1655,12,82,0.00052
1656,12,83,0.00052
1502,11,72,0.00034
1503,11,73,0.00034
1658,12,85,0.00051
1504,11,74,0.00034
1659,12,86,0.00051
1506,11,76,0.00035
1660,12,87,0.00052
1507,11,77,0.00035
1661,12,88,0.00052
1508,11,78,0.00035
1662,12,89,0.00052
1509,11,79,0.00034
1663,12,90,0.00052
1664,12,91,0.00052
1510,11,80,0.00034
1665,12,92,0.00052
1511,11,81,0.00034
1666,12,93,0.00051
1513,11,83,0.00034
1514,11,84,0.00034
1669,12,96,0.00051
1516,11,86,0.00034
1671,12,98,0.00051
1672,12,99,0.00050
1518,11,88,0.00034
1673,12,100,0.00050
1520,11,90,0.00034
1674,12,101,0.00050
1675,12,102,0.00050
1676,12,103,0.00050
1522,11,92,0.00034
1677,12,104,0.00050
1524,11,94,0.00034

1525,11,95,0.00034

1526,11,96,0.00034
1680,12,107,0.00050
1681,12,108,0.00050
1682,12,109,0.00049
1528,11,98,0.00034
1683,12,110,0.00049
1684,12,111,0.00049
1685,12,112,0.00050
1532,11,102,0.00034
1686,12,113,0.00050
1687,12,114,0.00050
1533,11,103,0.00034
1688,12,115,0.00049
1534,11,104,0.00033
1535,11,105,0.00034
1689,12,116,0.00049
1690,12,117,0.00049
1536,11,106,0.00034
1691,12,118,0.00049
1537,11,107,0.00033
1692,12,119,0.00049
1538,11,108,0.00034
1693,12,120,0.00050
1539,11,109,0.00034
1694,12,121,0.00050
1540,11,110,0.00034
1695,12,122,0.00049
1541,11,111,0.00034
1696,12,123,0.00049
1542,11,112,0.00034
1697,12,124,0.00049
1698,12,125,0.00049
1544,11,114,0.00034
1699,12,126,0.00049
1545,11,115,0.00034
1700,12,127,0.00049
1546,11,116,0.00034
1701,12,128,0.00049
1547,11,117,0.00034
1702,12,129,0.00049
1548,11,118,0.00034
1703,12,130,0.00049
1549,11,119,0.00034
1704,12,131,0.00049
1550,11,120,0.00034
1705,12,132,0.00049
1551,11,121,0.00034
1706,12,133,0.00048
1552,11,122,0.00035
1707,12,134,0.00048
1553,11,123,0.00035
1708,12,135,0.00048
1554,11,124,0.00034
1709,12,136,0.00048
1555,11,125,0.00034
1710,12,137,0.00048
1556,11,126,0.00034
1711,12,138,0.00048
1557,11,127,0.00034
1712,12,139,0.00048
1558,11,128,0.00034
1713,12,140,0.00048
1559,11,129,0.00034
1714,12,141,0.00048
1560,11,130,0.00034
1715,12,142,0.00048
1561,11,131,0.00034
1716,12,143,0.00048
1562,11,132,0.00034
1563,11,133,0.00034
1564,11,134,0.00034
1565,11,135,0.00034
1566,11,136,0.00034
1567,11,137,0.00034
1717,13,1,0.00051
1568,11,138,0.00034
1718,13,2,0.00045
1569,11,139,0.00034
1719,13,3,0.00048
1570,11,140,0.00034
1571,11,141,0.00034
1720,13,4,0.00047
1572,11,142,0.00034
1721,13,5,0.00060
1573,11,143,0.00034
1722,13,6,0.00058
1723,13,7,0.00056
1724,13,8,0.00056
1725,13,9,0.00053
1726,13,10,0.00050
1727,13,11,0.00050
1728,13,12,0.00049
1574,12,1,0.00015
1575,12,2,0.00012
1729,13,13,0.00052
1576,12,3,0.00018
1730,13,14,0.00050
1577,12,4,0.00017
1731,13,15,0.00049
1578,12,5,0.00020
1732,13,16,0.00050
1579,12,6,0.00021
1733,13,17,0.00048
1580,12,7,0.00020
1734,13,18,0.00048
1581,12,8,0.00026
1735,13,19,0.00050
1582,12,9,0.00025
1736,13,20,0.00051
1583,12,10,0.00025
1737,13,21,0.00051
1584,12,11,0.00027
1738,13,22,0.00053
1585,12,12,0.00026
1739,13,23,0.00053
1586,12,13,0.00026
1740,13,24,0.00052
1587,12,14,0.00026
1741,13,25,0.00053
1588,12,15,0.00031
1742,13,26,0.00053
1589,12,16,0.00030
1743,13,27,0.00053
1590,12,17,0.00031
1744,13,28,0.00053
1591,12,18,0.00032
1745,13,29,0.00053
1592,12,19,0.00032
1746,13,30,0.00053
1593,12,20,0.00031
1747,13,31,0.00052
1594,12,21,0.00031
1748,13,32,0.00052
1595,12,22,0.00031
1749,13,33,0.00052
1596,12,23,0.00030
1750,13,34,0.00052
1597,12,24,0.00030
1751,13,35,0.00051
1598,12,25,0.00031
1752,13,36,0.00051
1599,12,26,0.00035
1753,13,37,0.00051
1600,12,27,0.00035
1754,13,38,0.00051
1601,12,28,0.00038
1755,13,39,0.00050
1602,12,29,0.00037
1756,13,40,0.00050
1603,12,30,0.00038
1757,13,41,0.00050
1604,12,31,0.00038
1758,13,42,0.00050
1605,12,32,0.00038
1759,13,43,0.00049
1606,12,33,0.00038
1760,13,44,0.00050
1607,12,34,0.00038
1761,13,45,0.00050
1608,12,35,0.00038
1762,13,46,0.00050
1609,12,36,0.00038
1610,12,37,0.00037
1611,12,38,0.00036
1765,13,49,0.00049
1613,12,40,0.00036
1766,13,50,0.00050
1767,13,51,0.00049
1614,12,41,0.00036
1768,13,52,0.00049
1616,12,43,0.00036
1769,13,53,0.00050
1617,12,44,0.00035
1770,13,54,0.00050
1771,13,55,0.00049
1618,12,45,0.00035
1772,13,56,0.00049
1619,12,46,0.00035
1773,13,57,0.00050
1620,12,47,0.00035
1621,12,48,0.00034
1774,13,58,0.00050
1622,12,49,0.00034
1775,13,59,0.00050
1623,12,50,0.00034
1776,13,60,0.00050
1777,13,61,0.00050
1625,12,52,0.00035
1778,13,62,0.00050
1626,12,53,0.00034
1627,12,54,0.00035
1628,12,55,0.00035
1781,13,65,0.00050
1629,12,56,0.00035
1782,13,66,0.00049
1630,12,57,0.00035
1783,13,67,0.00049
1784,13,68,0.00049
1631,12,58,0.00035
1785,13,69,0.00049
1632,12,59,0.00034
1786,13,70,0.00049
1633,12,60,0.00034
1787,13,71,0.00049
1634,12,61,0.00034
1788,13,72,0.00049
1635,12,62,0.00034
1789,13,73,0.00049
1636,12,63,0.00034
1790,13,74,0.00049
1637,12,64,0.00034
1638,12,65,0.00034
1791,13,75,0.00049
1639,12,66,0.00034
1792,13,76,0.00049
1640,12,67,0.00034
1793,13,77,0.00048
1641,12,68,0.00034
1794,13,78,0.00048
1642,12,69,0.00034
1795,13,79,0.00047
1796,13,80,0.00047
1643,12,70,0.00034
1797,13,81,0.00047
1644,12,71,0.00035
1798,13,82,0.00047
1799,13,83,0.00047
1646,12,73,0.00035
1800,13,84,0.00048
1647,12,74,0.00034
1801,13,85,0.00048
1648,12,75,0.00034
1649,12,76,0.00034
1802,13,86,0.00048
1650,12,77,0.00034
1803,13,87,0.00048
1804,13,88,0.00048
1651,12,78,0.00034
1805,13,89,0.00048
1653,12,80,0.00034
1806,13,90,0.00048
1807,13,91,0.00048
1808,13,92,0.00047
1655,12,82,0.00034
1809,13,93,0.00047
1656,12,83,0.00034
1810,13,94,0.00047
1657,12,84,0.00034
1658,12,85,0.00034
1812,13,96,0.00047
1659,12,86,0.00034
1813,13,97,0.00047
1660,12,87,0.00034
1814,13,98,0.00048
1661,12,88,0.00034
1815,13,99,0.00048
1662,12,89,0.00033
1816,13,100,0.00047
1663,12,90,0.00034
1817,13,101,0.00047
1665,12,92,0.00035

1666,12,93,0.00035
1819,13,103,0.00048
1667,12,94,0.00035
1820,13,104,0.00048
1668,12,95,0.00034

1669,12,96,0.00034
1822,13,106,0.00048
1823,13,107,0.00047
1670,12,97,0.00034
1824,13,108,0.00048
1671,12,98,0.00035
1825,13,109,0.00048
1672,12,99,0.00035
1826,13,110,0.00047
1673,12,100,0.00035
1827,13,111,0.00047
1674,12,101,0.00034
1828,13,112,0.00047
1675,12,102,0.00034
1829,13,113,0.00047
1676,12,103,0.00034
1830,13,114,0.00047
1677,12,104,0.00034
1831,13,115,0.00047
1678,12,105,0.00034
1832,13,116,0.00047
1833,13,117,0.00047
1834,13,118,0.00047
1681,12,108,0.00034
1682,12,109,0.00034
1836,13,120,0.00046
1683,12,110,0.00033
1837,13,121,0.00047
1684,12,111,0.00033
1838,13,122,0.00047
1685,12,112,0.00033
1686,12,113,0.00033
1839,13,123,0.00048
1687,12,114,0.00033
1840,13,124,0.00048
1688,12,115,0.00034
1841,13,125,0.00047
1689,12,116,0.00034
1842,13,126,0.00047
1690,12,117,0.00034
1843,13,127,0.00047
1691,12,118,0.00034
1844,13,128,0.00047
1845,13,129,0.00047
1693,12,120,0.00034
1694,12,121,0.00034
1695,12,122,0.00034
1848,13,132,0.00047
1849,13,133,0.00048
1696,12,123,0.00034
1850,13,134,0.00048
1697,12,124,0.00034
1698,12,125,0.00034
1851,13,135,0.00048
1699,12,126,0.00034
1852,13,136,0.00048
1700,12,127,0.00035
1853,13,137,0.00048
1701,12,128,0.00035
1854,13,138,0.00048
1702,12,129,0.00035
1855,13,139,0.00048
1856,13,140,0.00048
1703,12,130,0.00035
1857,13,141,0.00048
1704,12,131,0.00034
1858,13,142,0.00048
1705,12,132,0.00034
1859,13,143,0.00048
1706,12,133,0.00034
1707,12,134,0.00034
1708,12,135,0.00034
1709,12,136,0.00034
1710,12,137,0.00034
1711,12,138,0.00034
1860,14,1,0.00019
1712,12,139,0.00034
1861,14,2,0.00042
1713,12,140,0.00034
1862,14,3,0.00038
1714,12,141,0.00034
1863,14,4,0.00034
1715,12,142,0.00034
1864,14,5,0.00035
1716,12,143,0.00034
1865,14,6,0.00043
1866,14,7,0.00040
1867,14,8,0.00038
1868,14,9,0.00038
1869,14,10,0.00037
1870,14,11,0.00038
1717,13,1,0.00038
1871,14,12,0.00036
1718,13,2,0.00059
1872,14,13,0.00038
1719,13,3,0.00042
1873,14,14,0.00038
1720,13,4,0.00036
1874,14,15,0.00044
1721,13,5,0.00036
1875,14,16,0.00048
1722,13,6,0.00037
1876,14,17,0.00046
1723,13,7,0.00035
1877,14,18,0.00046
1724,13,8,0.00035
1878,14,19,0.00048
1725,13,9,0.00039
1879,14,20,0.00047
1726,13,10,0.00036
1880,14,21,0.00046
1727,13,11,0.00035
1881,14,22,0.00045
1728,13,12,0.00034
1882,14,23,0.00045
1729,13,13,0.00037
1883,14,24,0.00046
1730,13,14,0.00038
1884,14,25,0.00045
1731,13,15,0.00037
1885,14,26,0.00045
1732,13,16,0.00036
1886,14,27,0.00044
1733,13,17,0.00036
1887,14,28,0.00044
1734,13,18,0.00036
1888,14,29,0.00043
1735,13,19,0.00035
1889,14,30,0.00043
1736,13,20,0.00034
1890,14,31,0.00043
1737,13,21,0.00034
1891,14,32,0.00043
1738,13,22,0.00034
1892,14,33,0.00042
1739,13,23,0.00034
1893,14,34,0.00042
1740,13,24,0.00033
1894,14,35,0.00043
1741,13,25,0.00033
1895,14,36,0.00043
1742,13,26,0.00032
1896,14,37,0.00043
1743,13,27,0.00032
1897,14,38,0.00045
1744,13,28,0.00032
1898,14,39,0.00045
1745,13,29,0.00031
1899,14,40,0.00045
1746,13,30,0.00031
1900,14,41,0.00045
1747,13,31,0.00031
1901,14,42,0.00044
1748,13,32,0.00030
1902,14,43,0.00044
1749,13,33,0.00032
1903,14,44,0.00043
1750,13,34,0.00033
1904,14,45,0.00043
1751,13,35,0.00033
1905,14,46,0.00043
1752,13,36,0.00033
1906,14,47,0.00044
1753,13,37,0.00032
1907,14,48,0.00045
1754,13,38,0.00032
1908,14,49,0.00046
1755,13,39,0.00032
1909,14,50,0.00045
1756,13,40,0.00032
1910,14,51,0.00045
1757,13,41,0.00031
1911,14,52,0.00045
1758,13,42,0.00033
1912,14,53,0.00045
1759,13,43,0.00033
1913,14,54,0.00045
1760,13,44,0.00034
1914,14,55,0.00045
1761,13,45,0.00033
1915,14,56,0.00045
1762,13,46,0.00033
1916,14,57,0.00045
1763,13,47,0.00033
1917,14,58,0.00044
1764,13,48,0.00033
1918,14,59,0.00044
1765,13,49,0.00033
1919,14,60,0.00044
1766,13,50,0.00033
1920,14,61,0.00044
1767,13,51,0.00033
1921,14,62,0.00044
1768,13,52,0.00033
1922,14,63,0.00043
1769,13,53,0.00033
1923,14,64,0.00043
1770,13,54,0.00033
1924,14,65,0.00043
1771,13,55,0.00033
1772,13,56,0.00032
1773,13,57,0.00033
1926,14,67,0.00042
1774,13,58,0.00033
1927,14,68,0.00043
1775,13,59,0.00033
1928,14,69,0.00043
1776,13,60,0.00032
1929,14,70,0.00043
1777,13,61,0.00032
1930,14,71,0.00043
1778,13,62,0.00032
1931,14,72,0.00043
1779,13,63,0.00032
1932,14,73,0.00043
1780,13,64,0.00033
1933,14,74,0.00043
1934,14,75,0.00043
1781,13,65,0.00033
1935,14,76,0.00043
1782,13,66,0.00033
1783,13,67,0.00032
1936,14,77,0.00043
1784,13,68,0.00032
1937,14,78,0.00043
1785,13,69,0.00032
1938,14,79,0.00043
1786,13,70,0.00032
1940,14,81,0.00044
1787,13,71,0.00031
1941,14,82,0.00045
1788,13,72,0.00031
1942,14,83,0.00045
1789,13,73,0.00031
1943,14,84,0.00045
1790,13,74,0.00031
1944,14,85,0.00045
1791,13,75,0.00031
1945,14,86,0.00045
1792,13,76,0.00031
1946,14,87,0.00045
1793,13,77,0.00031
1947,14,88,0.00045
1794,13,78,0.00031
1948,14,89,0.00045
1795,13,79,0.00031
1949,14,90,0.00045
1796,13,80,0.00031
1950,14,91,0.00045
1797,13,81,0.00030
1951,14,92,0.00045
1798,13,82,0.00031
1952,14,93,0.00045
1799,13,83,0.00030
1953,14,94,0.00045
1800,13,84,0.00030
1954,14,95,0.00045
1801,13,85,0.00030
1955,14,96,0.00045
1802,13,86,0.00030
1956,14,97,0.00045
1803,13,87,0.00030
1957,14,98,0.00045
1804,13,88,0.00030
1958,14,99,0.00045
1805,13,89,0.00031
1959,14,100,0.00045
1806,13,90,0.00031
1960,14,101,0.00045
1807,13,91,0.00030
1961,14,102,0.00045
1808,13,92,0.00030
1962,14,103,0.00046
1809,13,93,0.00030
1963,14,104,0.00046
1810,13,94,0.00031
1964,14,105,0.00045
1811,13,95,0.00031
1965,14,106,0.00045
1812,13,96,0.00031
1966,14,107,0.00045
1813,13,97,0.00031
1967,14,108,0.00045
1814,13,98,0.00031
1968,14,109,0.00045
1815,13,99,0.00031
1969,14,110,0.00045
1816,13,100,0.00031
1970,14,111,0.00045
1817,13,101,0.00031
1971,14,112,0.00045
1818,13,102,0.00031
1972,14,113,0.00044
1819,13,103,0.00031
1973,14,114,0.00044
1820,13,104,0.00031
1974,14,115,0.00044
1821,13,105,0.00031
1975,14,116,0.00044
1822,13,106,0.00032
1976,14,117,0.00044
1823,13,107,0.00031
1977,14,118,0.00044
1824,13,108,0.00032
1978,14,119,0.00044
1825,13,109,0.00031
1979,14,120,0.00044
1826,13,110,0.00031
1980,14,121,0.00044
1827,13,111,0.00031
1981,14,122,0.00044
1828,13,112,0.00031
1982,14,123,0.00044
1829,13,113,0.00031
1983,14,124,0.00044
1830,13,114,0.00031
1984,14,125,0.00044
1831,13,115,0.00031
1985,14,126,0.00044
1832,13,116,0.00031
1986,14,127,0.00044
1833,13,117,0.00031
1987,14,128,0.00044
1834,13,118,0.00031
1988,14,129,0.00044
1835,13,119,0.00031
1989,14,130,0.00044
1836,13,120,0.00032
1990,14,131,0.00043
1837,13,121,0.00032
1991,14,132,0.00043
1838,13,122,0.00032
1992,14,133,0.00043
1839,13,123,0.00032
1993,14,134,0.00043
1840,13,124,0.00032
1994,14,135,0.00043
1841,13,125,0.00031
1995,14,136,0.00044
1842,13,126,0.00032
1996,14,137,0.00044
1843,13,127,0.00032
1997,14,138,0.00044
1844,13,128,0.00032
1998,14,139,0.00044
1845,13,129,0.00032
1999,14,140,0.00044
1846,13,130,0.00031
2000,14,141,0.00044
2001,14,142,0.00044
1847,13,131,0.00032
2002,14,143,0.00044
1848,13,132,0.00031
1849,13,133,0.00032
1850,13,134,0.00031
1851,13,135,0.00032
1852,13,136,0.00032
1853,13,137,0.00032
2003,15,1,0.00013
1854,13,138,0.00032
2004,15,2,0.00042
1855,13,139,0.00032
2005,15,3,0.00057
1856,13,140,0.00032
1857,13,141,0.00032
2006,15,4,0.00046
1858,13,142,0.00032
2007,15,5,0.00044
1859,13,143,0.00032
2008,15,6,0.00040
2009,15,7,0.00038
2010,15,8,0.00045
2011,15,9,0.00042
2012,15,10,0.00043
2013,15,11,0.00040
1860,14,1,0.00023
2014,15,12,0.00039
1861,14,2,0.00019
2015,15,13,0.00040
1862,14,3,0.00025
2016,15,14,0.00039
1863,14,4,0.00022
2017,15,15,0.00037
1864,14,5,0.00023
2018,15,16,0.00038
1865,14,6,0.00035
2019,15,17,0.00038
1866,14,7,0.00034
2020,15,18,0.00038
1867,14,8,0.00032
2021,15,19,0.00040
1868,14,9,0.00032
2022,15,20,0.00040
1869,14,10,0.00033
2023,15,21,0.00039
1870,14,11,0.00031
2024,15,22,0.00038
1871,14,12,0.00030
2025,15,23,0.00038
1872,14,13,0.00029
2026,15,24,0.00038
1873,14,14,0.00030
2027,15,25,0.00037
1874,14,15,0.00034
2028,15,26,0.00037
1875,14,16,0.00033
2029,15,27,0.00037
1876,14,17,0.00032
2030,15,28,0.00040
1877,14,18,0.00032
2031,15,29,0.00041
1878,14,19,0.00033
2032,15,30,0.00041
1879,14,20,0.00033
2033,15,31,0.00041
1880,14,21,0.00033
2034,15,32,0.00043
1881,14,22,0.00032
2035,15,33,0.00042
1882,14,23,0.00031
2036,15,34,0.00042
1883,14,24,0.00031
2037,15,35,0.00041
1884,14,25,0.00031
2038,15,36,0.00043
1885,14,26,0.00030
2039,15,37,0.00045
1886,14,27,0.00029
2040,15,38,0.00044
1887,14,28,0.00030
2041,15,39,0.00045
1888,14,29,0.00031
2042,15,40,0.00045
1889,14,30,0.00031
2043,15,41,0.00045
1890,14,31,0.00031
2044,15,42,0.00045
1891,14,32,0.00031
2045,15,43,0.00046
1892,14,33,0.00032
2046,15,44,0.00046
1893,14,34,0.00031
2047,15,45,0.00046
1894,14,35,0.00031
2048,15,46,0.00045
1895,14,36,0.00033
2049,15,47,0.00045
1896,14,37,0.00032
2050,15,48,0.00044
1897,14,38,0.00032
2051,15,49,0.00044
1898,14,39,0.00032
2052,15,50,0.00046
1899,14,40,0.00031
2053,15,51,0.00046
1900,14,41,0.00031
2054,15,52,0.00046
1901,14,42,0.00031
2055,15,53,0.00046
1902,14,43,0.00031
2056,15,54,0.00045
1903,14,44,0.00031
2057,15,55,0.00045
1904,14,45,0.00030
2058,15,56,0.00045
1905,14,46,0.00030
2059,15,57,0.00045
1906,14,47,0.00030
2060,15,58,0.00045
1907,14,48,0.00032
2061,15,59,0.00046
1908,14,49,0.00032
2062,15,60,0.00045
1909,14,50,0.00032
2063,15,61,0.00046
1910,14,51,0.00032
2064,15,62,0.00046
1911,14,52,0.00032
2065,15,63,0.00046
1912,14,53,0.00031
2066,15,64,0.00046
1913,14,54,0.00031
2067,15,65,0.00046
1914,14,55,0.00031
2068,15,66,0.00046
1915,14,56,0.00031
2069,15,67,0.00046
1916,14,57,0.00031
2070,15,68,0.00046
1917,14,58,0.00031
2071,15,69,0.00046
1918,14,59,0.00031
2072,15,70,0.00046
1919,14,60,0.00031
2073,15,71,0.00046
1920,14,61,0.00031
2074,15,72,0.00046
1921,14,62,0.00031
2075,15,73,0.00045
1922,14,63,0.00031
2076,15,74,0.00046
1923,14,64,0.00031
2077,15,75,0.00046
1924,14,65,0.00031
2078,15,76,0.00046
1925,14,66,0.00031
2079,15,77,0.00046
1926,14,67,0.00031
2080,15,78,0.00046
1927,14,68,0.00031
2081,15,79,0.00046
1928,14,69,0.00031
2082,15,80,0.00046
1929,14,70,0.00031
2083,15,81,0.00045
1930,14,71,0.00030
2084,15,82,0.00045
1931,14,72,0.00031
2085,15,83,0.00045
1932,14,73,0.00031
2086,15,84,0.00045
1933,14,74,0.00030
2087,15,85,0.00045
1934,14,75,0.00030
2088,15,86,0.00046
1935,14,76,0.00030
2089,15,87,0.00045
1936,14,77,0.00030
2090,15,88,0.00045
1937,14,78,0.00030
2091,15,89,0.00045
1938,14,79,0.00030
2092,15,90,0.00046
1939,14,80,0.00030
2093,15,91,0.00046
1940,14,81,0.00031
2094,15,92,0.00046
1941,14,82,0.00031
2095,15,93,0.00046
1942,14,83,0.00031
2096,15,94,0.00045
1943,14,84,0.00031
2097,15,95,0.00045
1944,14,85,0.00031
2098,15,96,0.00045
1945,14,86,0.00031
2099,15,97,0.00045
1946,14,87,0.00031
2100,15,98,0.00045
1947,14,88,0.00031
2101,15,99,0.00045
1948,14,89,0.00031
2102,15,100,0.00045
1949,14,90,0.00031
2103,15,101,0.00045
1950,14,91,0.00031
2104,15,102,0.00044
1951,14,92,0.00031
2105,15,103,0.00045
1952,14,93,0.00031
2106,15,104,0.00044
1953,14,94,0.00031

2108,15,106,0.00044
1954,14,95,0.00031
1955,14,96,0.00031
2109,15,107,0.00044
2110,15,108,0.00044
1956,14,97,0.00031
2111,15,109,0.00044
2112,15,110,0.00044
1958,14,99,0.00032
1959,14,100,0.00032
2114,15,112,0.00043
1960,14,101,0.00032
2115,15,113,0.00043
1961,14,102,0.00032
1962,14,103,0.00032
2116,15,114,0.00043
1963,14,104,0.00032
2117,15,115,0.00043
1964,14,105,0.00031
2118,15,116,0.00043
1965,14,106,0.00031
2119,15,117,0.00043
1966,14,107,0.00032
2120,15,118,0.00043
1967,14,108,0.00032
2121,15,119,0.00043
2122,15,120,0.00043
1968,14,109,0.00032
2123,15,121,0.00042
1969,14,110,0.00031
2124,15,122,0.00043
1970,14,111,0.00031
2125,15,123,0.00043
1971,14,112,0.00031
2126,15,124,0.00043
1972,14,113,0.00031
2127,15,125,0.00043
1973,14,114,0.00031
2128,15,126,0.00043
1974,14,115,0.00031
1975,14,116,0.00031
2130,15,128,0.00043
1976,14,117,0.00031
1977,14,118,0.00032
2131,15,129,0.00043
2132,15,130,0.00043
1978,14,119,0.00032
2133,15,131,0.00043
1979,14,120,0.00032
2134,15,132,0.00043
1980,14,121,0.00032
2135,15,133,0.00043
2136,15,134,0.00043
1982,14,123,0.00032
1983,14,124,0.00031
2137,15,135,0.00044
1984,14,125,0.00032
2138,15,136,0.00044
1985,14,126,0.00032
2139,15,137,0.00043
1986,14,127,0.00032
2140,15,138,0.00043
1987,14,128,0.00032
2141,15,139,0.00043
1988,14,129,0.00032
2142,15,140,0.00043
1989,14,130,0.00032
2143,15,141,0.00043
1990,14,131,0.00032
2144,15,142,0.00043
2145,15,143,0.00043
1991,14,132,0.00031
1992,14,133,0.00031
1993,14,134,0.00031
1994,14,135,0.00032
1995,14,136,0.00032
1996,14,137,0.00032
2146,16,1,0.00024
1997,14,138,0.00032
2147,16,2,0.00027
1998,14,139,0.00032
2148,16,3,0.00035
1999,14,140,0.00032
2149,16,4,0.00037
2000,14,141,0.00032
2150,16,5,0.00047
2001,14,142,0.00032
2151,16,6,0.00045
2002,14,143,0.00032
2152,16,7,0.00043
2153,16,8,0.00048
2154,16,9,0.00048
2155,16,10,0.00050
2156,16,11,0.00049
2157,16,12,0.00049
2003,15,1,0.00084
2158,16,13,0.00049
2004,15,2,0.00058
2159,16,14,0.00047
2005,15,3,0.00057
2160,16,15,0.00046
2006,15,4,0.00048
2161,16,16,0.00045
2007,15,5,0.00045
2162,16,17,0.00044
2008,15,6,0.00042
2163,16,18,0.00043
2009,15,7,0.00043
2164,16,19,0.00043
2010,15,8,0.00042
2165,16,20,0.00042
2011,15,9,0.00040
2166,16,21,0.00042
2012,15,10,0.00040
2167,16,22,0.00040
2013,15,11,0.00040
2168,16,23,0.00040
2014,15,12,0.00039
2169,16,24,0.00041
2015,15,13,0.00038
2170,16,25,0.00040
2016,15,14,0.00037
2171,16,26,0.00041
2017,15,15,0.00040
2172,16,27,0.00041
2018,15,16,0.00038
2173,16,28,0.00041
2019,15,17,0.00037
2174,16,29,0.00042
2020,15,18,0.00036
2175,16,30,0.00041
2021,15,19,0.00036
2176,16,31,0.00041
2022,15,20,0.00036
2177,16,32,0.00040
2023,15,21,0.00035
2178,16,33,0.00040
2024,15,22,0.00035
2179,16,34,0.00039
2025,15,23,0.00036
2180,16,35,0.00041
2181,16,36,0.00040
2026,15,24,0.00036
2027,15,25,0.00035
2182,16,37,0.00040
2028,15,26,0.00035
2183,16,38,0.00040
2029,15,27,0.00034
2184,16,39,0.00040
2030,15,28,0.00035
2185,16,40,0.00041
2031,15,29,0.00035
2186,16,41,0.00041
2032,15,30,0.00034
2187,16,42,0.00040
2033,15,31,0.00036
2188,16,43,0.00040
2034,15,32,0.00036
2189,16,44,0.00041
2035,15,33,0.00035
2190,16,45,0.00041
2036,15,34,0.00036
2191,16,46,0.00040
2192,16,47,0.00040
2037,15,35,0.00036
2038,15,36,0.00036
2039,15,37,0.00036
2194,16,49,0.00042
2040,15,38,0.00035
2195,16,50,0.00042
2041,15,39,0.00034
2196,16,51,0.00042
2042,15,40,0.00035
2197,16,52,0.00041
2043,15,41,0.00035
2198,16,53,0.00042
2044,15,42,0.00035
2199,16,54,0.00041
2045,15,43,0.00035
2200,16,55,0.00041
2046,15,44,0.00035
2201,16,56,0.00041
2047,15,45,0.00035
2202,16,57,0.00040
2048,15,46,0.00037
2203,16,58,0.00041
2049,15,47,0.00036
2204,16,59,0.00041
2050,15,48,0.00036
2205,16,60,0.00041
2051,15,49,0.00036
2206,16,61,0.00041
2052,15,50,0.00036
2207,16,62,0.00041
2208,16,63,0.00041
2054,15,52,0.00035
2210,16,65,0.00041
2055,15,53,0.00035
2056,15,54,0.00034
2212,16,67,0.00041
2057,15,55,0.00034
2213,16,68,0.00041
2058,15,56,0.00034
2059,15,57,0.00034
2215,16,70,0.00040
2060,15,58,0.00034
2216,16,71,0.00040
2061,15,59,0.00033
2217,16,72,0.00040
2062,15,60,0.00033
2218,16,73,0.00040
2063,15,61,0.00034
2064,15,62,0.00033
2219,16,74,0.00040
2065,15,63,0.00033
2220,16,75,0.00040
2221,16,76,0.00040
2066,15,64,0.00033
2222,16,77,0.00040
2067,15,65,0.00033
2068,15,66,0.00032
2223,16,78,0.00040
2069,15,67,0.00032
2224,16,79,0.00041
2070,15,68,0.00032
2225,16,80,0.00040
2071,15,69,0.00032
2226,16,81,0.00040
2072,15,70,0.00032
2227,16,82,0.00040
2073,15,71,0.00031
2228,16,83,0.00040
2074,15,72,0.00031
2229,16,84,0.00040
2075,15,73,0.00031
2230,16,85,0.00040
2076,15,74,0.00031
2231,16,86,0.00040
2077,15,75,0.00032
2232,16,87,0.00040
2078,15,76,0.00032
2233,16,88,0.00040
2079,15,77,0.00033
2234,16,89,0.00040
2080,15,78,0.00033
2235,16,90,0.00040
2081,15,79,0.00033
2236,16,91,0.00040
2082,15,80,0.00033
2237,16,92,0.00040
2083,15,81,0.00033
2238,16,93,0.00040
2084,15,82,0.00033
2239,16,94,0.00040
2085,15,83,0.00032
2240,16,95,0.00041
2086,15,84,0.00033
2241,16,96,0.00040
2087,15,85,0.00033
2242,16,97,0.00040
2088,15,86,0.00033
2243,16,98,0.00040
2244,16,99,0.00040
2089,15,87,0.00033
2090,15,88,0.00033

2091,15,89,0.00033
2246,16,101,0.00040
2092,15,90,0.00032
2247,16,102,0.00040
2093,15,91,0.00032
2248,16,103,0.00040
2094,15,92,0.00032
2249,16,104,0.00040
2095,15,93,0.00032
2250,16,105,0.00040
2096,15,94,0.00032
2251,16,106,0.00040
2097,15,95,0.00032
2252,16,107,0.00040
2253,16,108,0.00041
2099,15,97,0.00033

2255,16,110,0.00041
2256,16,111,0.00041
2101,15,99,0.00032
2257,16,112,0.00041
2102,15,100,0.00032
2103,15,101,0.00032
2259,16,114,0.00040
2260,16,115,0.00040
2105,15,103,0.00032
2106,15,104,0.00032
2261,16,116,0.00040
2262,16,117,0.00040
2263,16,118,0.00040
2108,15,106,0.00033
2264,16,119,0.00041
2109,15,107,0.00033
2265,16,120,0.00041
2110,15,108,0.00033
2266,16,121,0.00041
2111,15,109,0.00033
2267,16,122,0.00040
2112,15,110,0.00033
2268,16,123,0.00040
2114,15,112,0.00033
2269,16,124,0.00040
2270,16,125,0.00040
2115,15,113,0.00033
2116,15,114,0.00033
2272,16,127,0.00040
2117,15,115,0.00033
2118,15,116,0.00033
2273,16,128,0.00040
2119,15,117,0.00033
2274,16,129,0.00040
2120,15,118,0.00033
2275,16,130,0.00040
2121,15,119,0.00033
2276,16,131,0.00040
2122,15,120,0.00033
2277,16,132,0.00040
2123,15,121,0.00033
2278,16,133,0.00040
2124,15,122,0.00032
2279,16,134,0.00041
2280,16,135,0.00041
2126,15,124,0.00032
2281,16,136,0.00041
2282,16,137,0.00041
2283,16,138,0.00041
2128,15,126,0.00032
2129,15,127,0.00032
2284,16,139,0.00041
2130,15,128,0.00032
2285,16,140,0.00040
2131,15,129,0.00032
2286,16,141,0.00041
2132,15,130,0.00032
2287,16,142,0.00040
2288,16,143,0.00040
2133,15,131,0.00032
2134,15,132,0.00032
2135,15,133,0.00032
2136,15,134,0.00032
2137,15,135,0.00032
2138,15,136,0.00032
2139,15,137,0.00032
2289,17,1,0.00022
2140,15,138,0.00032
2290,17,2,0.00018
2141,15,139,0.00031
2291,17,3,0.00045
2142,15,140,0.00031
2292,17,4,0.00060
2143,15,141,0.00031
2293,17,5,0.00056
2144,15,142,0.00032
2294,17,6,0.00053
2145,15,143,0.00031
2295,17,7,0.00050
2296,17,8,0.00048
2297,17,9,0.00049
2298,17,10,0.00048
2299,17,11,0.00047
2300,17,12,0.00048
2301,17,13,0.00048
2146,16,1,0.00024
2302,17,14,0.00046
2147,16,2,0.00020
2303,17,15,0.00046
2148,16,3,0.00031
2304,17,16,0.00046
2149,16,4,0.00026
2305,17,17,0.00045
2150,16,5,0.00030
2306,17,18,0.00045
2151,16,6,0.00028
2307,17,19,0.00045
2152,16,7,0.00029
2308,17,20,0.00045
2153,16,8,0.00033
2309,17,21,0.00044
2154,16,9,0.00031
2310,17,22,0.00043
2155,16,10,0.00031
2311,17,23,0.00045
2156,16,11,0.00032
2312,17,24,0.00046
2157,16,12,0.00033
2313,17,25,0.00045
2158,16,13,0.00036
2314,17,26,0.00044
2159,16,14,0.00035
2315,17,27,0.00043
2160,16,15,0.00035
2316,17,28,0.00043
2161,16,16,0.00035
2317,17,29,0.00042
2162,16,17,0.00034
2318,17,30,0.00042
2163,16,18,0.00033
2319,17,31,0.00043
2164,16,19,0.00033
2320,17,32,0.00043
2165,16,20,0.00034
2321,17,33,0.00042
2166,16,21,0.00033
2322,17,34,0.00042
2167,16,22,0.00032
2323,17,35,0.00043
2168,16,23,0.00031
2324,17,36,0.00044
2169,16,24,0.00034
2325,17,37,0.00043
2170,16,25,0.00034
2326,17,38,0.00044
2171,16,26,0.00035
2327,17,39,0.00043
2172,16,27,0.00036
2328,17,40,0.00043
2173,16,28,0.00035
2329,17,41,0.00042
2174,16,29,0.00034
2330,17,42,0.00042
2175,16,30,0.00035
2331,17,43,0.00042
2176,16,31,0.00035
2332,17,44,0.00041
2177,16,32,0.00035
2333,17,45,0.00041
2178,16,33,0.00035
2334,17,46,0.00041
2335,17,47,0.00040
2180,16,35,0.00034
2336,17,48,0.00040
2181,16,36,0.00034
2337,17,49,0.00040
2182,16,37,0.00034
2338,17,50,0.00040
2183,16,38,0.00034
2339,17,51,0.00041
2184,16,39,0.00034
2340,17,52,0.00041
2185,16,40,0.00033
2341,17,53,0.00040
2186,16,41,0.00033
2342,17,54,0.00040
2187,16,42,0.00033
2343,17,55,0.00040
2188,16,43,0.00033
2344,17,56,0.00041
2189,16,44,0.00033
2345,17,57,0.00040
2346,17,58,0.00040
2347,17,59,0.00040
2192,16,47,0.00032
2193,16,48,0.00032
2348,17,60,0.00039
2194,16,49,0.00032
2349,17,61,0.00039
2195,16,50,0.00033
2350,17,62,0.00039
2351,17,63,0.00040
2196,16,51,0.00033
2352,17,64,0.00039
2197,16,52,0.00033
2353,17,65,0.00041
2198,16,53,0.00033
2354,17,66,0.00042
2199,16,54,0.00032
2355,17,67,0.00042
2200,16,55,0.00033
2356,17,68,0.00042
2201,16,56,0.00032
2357,17,69,0.00042
2202,16,57,0.00033
2358,17,70,0.00043
2359,17,71,0.00042
2204,16,59,0.00032
2205,16,60,0.00032
2360,17,72,0.00042
2206,16,61,0.00032
2361,17,73,0.00042
2207,16,62,0.00032
2362,17,74,0.00042
2208,16,63,0.00032
2363,17,75,0.00041
2209,16,64,0.00032
2364,17,76,0.00041
2365,17,77,0.00042
2210,16,65,0.00033
2366,17,78,0.00041
2211,16,66,0.00032
2367,17,79,0.00041
2213,16,68,0.00032
2369,17,81,0.00042
2214,16,69,0.00033
2215,16,70,0.00033
2371,17,83,0.00042
2216,16,71,0.00033
2372,17,84,0.00042
2217,16,72,0.00033
2373,17,85,0.00042
2218,16,73,0.00033
2374,17,86,0.00042
2219,16,74,0.00033
2375,17,87,0.00042
2220,16,75,0.00033
2376,17,88,0.00041
2221,16,76,0.00033
2377,17,89,0.00041
2222,16,77,0.00033
2378,17,90,0.00041
2223,16,78,0.00033
2379,17,91,0.00041
2224,16,79,0.00033
2225,16,80,0.00032
2226,16,81,0.00032
2381,17,93,0.00041
2227,16,82,0.00032
2382,17,94,0.00041
2383,17,95,0.00041
2228,16,83,0.00032
2229,16,84,0.00032
2384,17,96,0.00041
2385,17,97,0.00041
2230,16,85,0.00033
2231,16,86,0.00033
2387,17,99,0.00041
2232,16,87,0.00033
2233,16,88,0.00033
2388,17,100,0.00041
2234,16,89,0.00033
2389,17,101,0.00041
2235,16,90,0.00033
2390,17,102,0.00040
2236,16,91,0.00032
2391,17,103,0.00040
2237,16,92,0.00033
2392,17,104,0.00040
2238,16,93,0.00033
2393,17,105,0.00040
2239,16,94,0.00032
2394,17,106,0.00040
2240,16,95,0.00032
2395,17,107,0.00040
2396,17,108,0.00040
2241,16,96,0.00032
2397,17,109,0.00040
2242,16,97,0.00033
2243,16,98,0.00033

2399,17,111,0.00039
2244,16,99,0.00033
2400,17,112,0.00039
2245,16,100,0.00033
2401,17,113,0.00039
2402,17,114,0.00040
2247,16,102,0.00033
2403,17,115,0.00040
2248,16,103,0.00033
2404,17,116,0.00040
2249,16,104,0.00033
2405,17,117,0.00040
2250,16,105,0.00033
2406,17,118,0.00040
2251,16,106,0.00033
2407,17,119,0.00040
2252,16,107,0.00033
2408,17,120,0.00040
2253,16,108,0.00033
2409,17,121,0.00040
2254,16,109,0.00032
2410,17,122,0.00040
2255,16,110,0.00032
2411,17,123,0.00040
2256,16,111,0.00032
2412,17,124,0.00040
2257,16,112,0.00032
2413,17,125,0.00040
2258,16,113,0.00032
2414,17,126,0.00040
2259,16,114,0.00032
2415,17,127,0.00040
2260,16,115,0.00032
2416,17,128,0.00040
2261,16,116,0.00032
2417,17,129,0.00040
2262,16,117,0.00032
2418,17,130,0.00040
2263,16,118,0.00032
2419,17,131,0.00040
2264,16,119,0.00032
2420,17,132,0.00039
2265,16,120,0.00032
2421,17,133,0.00039
2266,16,121,0.00032
2422,17,134,0.00039
2267,16,122,0.00032
2423,17,135,0.00039
2268,16,123,0.00033
2424,17,136,0.00039
2269,16,124,0.00033
2425,17,137,0.00039
2270,16,125,0.00032
2426,17,138,0.00039
2271,16,126,0.00032
2427,17,139,0.00039
2272,16,127,0.00033
2428,17,140,0.00039
2273,16,128,0.00032
2429,17,141,0.00039
2430,17,142,0.00039
2275,16,130,0.00033
2431,17,143,0.00039
2276,16,131,0.00033
2277,16,132,0.00033
2278,16,133,0.00033
2279,16,134,0.00032
2280,16,135,0.00032
2281,16,136,0.00032
2432,18,1,0.00017
2282,16,137,0.00032
2433,18,2,0.00020
2283,16,138,0.00032
2434,18,3,0.00021
2284,16,139,0.00032
2435,18,4,0.00029
2285,16,140,0.00032
2286,16,141,0.00032
2287,16,142,0.00032
2288,16,143,0.00032
2438,18,7,0.00037
2439,18,8,0.00034
2440,18,9,0.00034
2441,18,10,0.00034
2442,18,11,0.00033
2289,17,1,0.00014
2443,18,12,0.00033
2290,17,2,0.00038
2444,18,13,0.00032
2291,17,3,0.00031
2445,18,14,0.00035
2292,17,4,0.00032
2446,18,15,0.00036
2293,17,5,0.00033
2447,18,16,0.00035
2294,17,6,0.00029
2448,18,17,0.00035
2295,17,7,0.00027
2449,18,18,0.00035
2296,17,8,0.00036
2450,18,19,0.00036
2297,17,9,0.00035
2451,18,20,0.00035
2298,17,10,0.00032
2452,18,21,0.00034
2299,17,11,0.00035
2300,17,12,0.00032
2453,18,22,0.00035
2301,17,13,0.00031
2454,18,23,0.00035
2302,17,14,0.00031
2303,17,15,0.00031
2456,18,25,0.00038
2304,17,16,0.00031
2457,18,26,0.00038
2305,17,17,0.00030
2458,18,27,0.00039
2306,17,18,0.00029
2459,18,28,0.00038
2460,18,29,0.00037
2307,17,19,0.00030
2461,18,30,0.00038
2308,17,20,0.00029
2462,18,31,0.00037
2309,17,21,0.00029
2310,17,22,0.00028
2463,18,32,0.00036
2311,17,23,0.00028
2464,18,33,0.00036
2312,17,24,0.00028
2465,18,34,0.00035
2313,17,25,0.00029
2466,18,35,0.00035
2314,17,26,0.00028
2467,18,36,0.00034
2315,17,27,0.00029
2469,18,38,0.00034
2316,17,28,0.00028
2470,18,39,0.00034
2317,17,29,0.00029
2471,18,40,0.00034
2318,17,30,0.00028
2472,18,41,0.00034
2319,17,31,0.00028
2473,18,42,0.00036
2320,17,32,0.00028
2474,18,43,0.00035
2321,17,33,0.00027
2475,18,44,0.00037
2322,17,34,0.00027
2476,18,45,0.00038
2323,17,35,0.00027
2477,18,46,0.00039
2324,17,36,0.00027
2325,17,37,0.00027
2478,18,47,0.00039
2326,17,38,0.00027
2479,18,48,0.00038
2480,18,49,0.00038
2481,18,50,0.00038
2482,18,51,0.00038
2483,18,52,0.00039
2484,18,53,0.00038
2485,18,54,0.00038
2486,18,55,0.00038
